t,x,y,theta,distance,bearing,half_width,turn,forward,reward,dopamine_depression,DNa02_L,DNa02_R,LC4_L,LC4_R,bearing0,seed,graph,side
0.05,0.0,0.0,0.0,25.0,35.0,5.739170477266787,0.24754469096660614,0.42685750126838684,0.04393693362340741,1.1324882507324219e-06,0.0,0.08251489698886871,0.0008402534876950085,0.1782505214214325,35.0,0,malecns,right
0.1,0.02100464515388012,0.047851506154984236,0.038550376892089844,25.01029299867579,37.32617151292544,5.7368005922791685,0.2449251338839531,0.42844176292419434,0.043880439624541245,2.0265579223632812e-06,0.0,0.08164171129465103,0.000518771237693727,0.18435707688331604,35.0,0,malecns,right
0.15000000000000002,0.22336394526064396,0.08511261222884059,-0.0986180305480957,24.8666365524231,29.805447349122574,5.770054693699928,0.247208833694458,0.4257640838623047,0.04467552041691302,3.0994415283203125e-06,0.0,0.08240294456481934,0.00474789971485734,0.17519764602184296,35.0,0,malecns,right
0.2,0.49842130579054356,0.18502896605059505,-0.1432250738143921,24.701719184846606,27.808527588800246,5.808709690257642,0.1820576973259449,0.41828271746635437,0.04560604989592617,3.4570693969726562e-06,0.0,0.0606858991086483,0.00474789971485734,0.12727665901184082,35.0,0,malecns,right
0.25,0.7772364560514688,-0.10316605539992452,-0.21992838382720947,24.306836841301326,23.250705304540787,5.903409071693318,0.1869412176311016,0.41841116547584534,0.04791366156222181,4.112720489501953e-06,0.0,0.0623137392103672,0.010520372539758682,0.12489762902259827,35.0,0,malecns,right
0.3,0.9314689580351114,-0.03797407681122422,-0.3407456874847412,24.220431243258812,16.667074613000835,5.924544537315085,0.1890685111284256,0.42479437589645386,0.04843396741053903,5.543231964111328e-06,0.01738613471388817,0.080408975481987,0.02880050055682659,0.15475749969482422,35.0,0,malecns,right
0.35,1.2251751963049173,-0.18861522199586034,-0.35604190826416016,23.894499979841488,15.914991081255238,6.005653118920538,0.1890685111284256,0.42479437589645386,0.05044798379102217,6.9141387939453125e-06,0.01738613471388817,0.080408975481987,0.02880050055682659,0.15475749969482422,35.0,0,malecns,right
0.39999999999999997,1.4275117460638285,-0.3730465364642441,-0.4964967966079712,23.622255609972314,7.797706299149866,6.075126782492018,0.11866897344589233,0.43343254923820496,0.052194301785648226,8.52346420288086e-06,0.031799376010894775,0.07135570049285889,0.055115342140197754,0.13342499732971191,35.0,0,malecns,right
0.44999999999999996,1.7296435181051493,-0.42011161567643285,-0.503874659538269,23.351184190797028,7.72015308007397,6.145919835736312,0.11866897344589233,0.43343254923820496,0.053993153696720114,1.0192394256591797e-05,0.031799376010894775,0.07135570049285889,0.055115342140197754,0.13342499732971191,35.0,0,malecns,right
0.49999999999999994,1.9336408916860819,-0.7216043365187943,-0.5809416174888611,23.007990422012426,3.0045267090195864,6.23795536451069,0.08135325461626053,0.43425726890563965,0.05635981903960839,1.1861324310302734e-05,0.03812333941459656,0.06524109095335007,0.06723304837942123,0.12016253173351288,35.0,0,malecns,right
0.5499999999999999,2.128620559349656,-0.8214244735427201,-0.6528664231300354,22.791776661830692,-1.0286134629796777,6.297369913686915,0.03516925871372223,0.434687077999115,0.05790381062133523,1.3530254364013672e-05,0.04546203091740608,0.05718511715531349,0.08385031670331955,0.10609377175569534,35.0,0,malecns,right
0.6,2.3704239670187235,-1.0297742378897965,-0.613652229309082,22.47353445639872,1.1561614272414715,6.3869140103438635,0.03516925871372223,0.434687077999115,0.0602536693103109,1.537799835205078e-05,0.04546203091740608,0.05718511715531349,0.08385031670331955,0.10609377175569534,35.0,0,malecns,right
0.65,2.5676612202078104,-1.291516233701259,-0.6974689364433289,22.15979439219007,-3.889463147443223,6.477724943169491,0.0006493963301181793,0.43306276202201843,0.06266361523754384,1.71661376953125e-05,0.048218198120594025,0.04843466356396675,0.09668565541505814,0.089420385658741,35.0,0,malecns,right
0.7000000000000001,2.904827767983079,-1.3895615828223526,-0.659122109413147,21.82986799074343,-1.3792831605998686,6.576055142309673,0.03516925871372223,0.434687077999115,0.06530194230273617,1.901388168334961e-05,0.04546203091740608,0.05718511715531349,0.08385031670331955,0.10609377175569534,35.0,0,malecns,right
0.7500000000000001,3.0505625549703836,-1.667104531545192,-0.6939219832420349,21.548337475376037,-3.7373974708668527,6.662358541188716,0.0006493963301181793,0.43306276202201843,0.06764091791686078,2.09808349609375e-05,0.048218198120594025,0.04843466356396675,0.09668565541505814,0.089420385658741,35.0,0,malecns,right
0.8000000000000002,3.2805778328329325,-1.7930244696326554,-0.738929808139801,21.28827603344521,-6.226193973704881,6.744122778933173,-0.020255886018276215,0.4397668242454529,0.0698758974331828,2.4259090423583984e-05,0.0654044821858406,0.058652520179748535,0.12927491962909698,0.10226629674434662,35.0,0,malecns,right
0.8500000000000002,3.49813430942595,-1.9883903753943741,-0.6672329306602478,20.99739872255338,-2.1990693658679845,6.83799223643292,0.023104000836610794,0.4418365955352783,0.07246331535242798,2.855062484741211e-05,0.06085221841931343,0.06855355203151703,0.11345382779836655,0.12157298624515533,35.0,0,malecns,right
0.9000000000000002,3.716383868828416,-2.2719896328635514,-0.7355768084526062,20.65432855176939,-6.394979290404962,6.95212792366784,-0.020255886018276215,0.4397668242454529,0.07563840902166645,3.2007694244384766e-05,0.0654044821858406,0.058652520179748535,0.12927491962909698,0.10226629674434662,35.0,0,malecns,right
0.9500000000000003,4.082389051094651,-2.3895061505027115,-0.6840989589691162,20.288976121189954,-3.110961818139515,7.077952889303257,0.0006493963301181793,0.43306276202201843,0.0791728362883487,3.427267074584961e-05,0.048218198120594025,0.04843466356396675,0.09668565541505814,0.089420385658741,35.0,0,malecns,right
1.0000000000000002,4.221364671364427,-2.654923249501735,-0.7000704407691956,20.02077649157935,-4.405656195817215,7.173264776627915,0.0006493963301181793,0.43306276202201843,0.08187209541957773,3.6597251892089844e-05,0.048218198120594025,0.04843466356396675,0.09668565541505814,0.089420385658741,35.0,0,malecns,right
1.0500000000000003,4.476116830483079,-2.8029389870353043,-0.7338225245475769,19.72754643796819,-6.256777563539799,7.280461393430571,-0.020255886018276215,0.4397668242454529,0.0849286909367942,4.0531158447265625e-05,0.0654044821858406,0.058652520179748535,0.12927491962909698,0.10226629674434662,35.0,0,malecns,right
1.1000000000000003,4.69986074604094,-3.0128820431418717,-0.6608850359916687,19.42331627363987,-2.1941664940090106,7.395128767604058,0.023104000836610794,0.4418365955352783,0.08822062196204618,4.565715789794922e-05,0.06085221841931343,0.06855355203151703,0.11345382779836655,0.12157298624515533,35.0,0,malecns,right
1.1500000000000004,4.911597425118089,-3.278911639470607,-0.7247035503387451,19.09639951840412,-6.128658375169067,7.522454288633164,-0.020255886018276215,0.4397668242454529,0.09190039607330973,4.988908767700195e-05,0.0654044821858406,0.058652520179748535,0.12927491962909698,0.10226629674434662,35.0,0,malecns,right
1.2000000000000004,5.265923196449876,-3.3979270947165787,-0.678706169128418,18.738935999182853,-3.1623623898414337,7.666806862471571,0.023104000836610794,0.4418365955352783,0.09609990035473369,5.543231964111328e-05,0.06085221841931343,0.06855355203151703,0.11345382779836655,0.12157298624515533,35.0,0,malecns,right
1.2500000000000004,5.422139817848802,-3.672921468038112,-0.7005842328071594,18.452020110881346,-4.82587453870849,7.786753940741943,0.0006493963301181793,0.43306276202201843,0.09960902422172252,5.829334259033203e-05,0.048218198120594025,0.04843466356396675,0.09668565541505814,0.089420385658741,35.0,0,malecns,right
1.3000000000000005,5.659454995766282,-3.81737094046548,-0.7365515828132629,18.174882235269855,-6.825763232799488,7.906243062722347,-0.020255886018276215,0.4397668242454529,0.10312016921412667,6.306171417236328e-05,0.0654044821858406,0.058652520179748535,0.12927491962909698,0.10226629674434662,35.0,0,malecns,right
1.3500000000000005,5.88665216602385,-4.015188266057521,-0.6648173928260803,17.87513311554954,-2.8110984919169084,8.039692959635426,0.023104000836610794,0.4418365955352783,0.10705723944779894,6.92605972290039e-05,0.06085221841931343,0.06855355203151703,0.11345382779836655,0.12157298624515533,35.0,0,malecns,right
1.4000000000000006,6.0935780350118876,-4.3018360626883805,-0.7387076616287231,17.54102481692961,-7.4186584217556515,8.193869514440014,-0.020255886018276215,0.4397668242454529,0.11162300613514015,7.444620132446289e-05,0.0654044821858406,0.058652520179748535,0.12927491962909698,0.10226629674434662,35.0,0,malecns,right
1.4500000000000006,6.445778066292405,-4.40887599112466,-0.6893656849861145,17.191313487282898,-4.212430491793498,8.361733235181331,0.0006493963301181793,0.43306276202201843,0.11661070660504583,7.784366607666016e-05,0.048218198120594025,0.04843466356396675,0.09668565541505814,0.089420385658741,35.0,0,malecns,right
1.5000000000000007,6.588018113747239,-4.680164386052638,-0.7098453044891357,16.919068992076117,-5.857511839077148,8.497268885577425,-0.020255886018276215,0.4397668242454529,0.12064732918863795,8.33272933959961e-05,0.0654044821858406,0.058652520179748535,0.12927491962909698,0.10226629674434662,35.0,0,malecns,right
0.05,0.0,0.0,0.0,25.0,-35.0,5.739170477266787,-0.1949036568403244,0.4225628674030304,0.04393693362340741,1.0132789611816406e-06,0.06496788561344147,0.0,0.166319340467453,0.0013592311879619956,-35.0,0,malecns,left
0.1,0.12912251986563206,0.10285084275528789,0.0696035623550415,24.835238294049926,-30.988503612838855,5.777374365698498,-0.19653412699699402,0.421665221452713,0.044851206648122525,1.7881393432617188e-06,0.06551137566566467,0.0,0.16248764097690582,0.005182017106562853,-35.0,0,malecns,left
0.15000000000000002,0.3951928857713938,0.06636480567976832,0.12866222858428955,24.63881418116435,-28.028896093994547,5.823591038995529,-0.1363796778023243,0.4155150353908539,0.04596606957298845,2.1457672119140625e-06,0.045459892600774765,0.0,0.11854613572359085,0.005182017106562853,-35.0,0,malecns,left
0.2,0.6848474685102701,0.12053450522944331,0.23005080223083496,24.37164431939128,-22.510426474700125,5.887655550526844,-0.15095095708966255,0.4197835326194763,0.04752708404943763,2.9206275939941406e-06,0.06661519408226013,0.016298208385705948,0.14668945968151093,0.027020564302802086,-35.0,0,malecns,left
0.25,0.9345018211752176,0.13387755630537868,0.24654662609100342,24.161473721833225,-21.88498607558239,5.939053227123263,-0.15095095708966255,0.4197835326194763,0.048792229262379395,3.7550926208496094e-06,0.06661519408226013,0.016298208385705948,0.14668945968151093,0.027020564302802086,-35.0,0,malecns,left
0.3,1.2229333464056253,0.36241678474470973,0.3710397481918335,23.79379767849942,-14.715248388379166,6.03116489349073,-0.07684247754514217,0.41979148983955383,0.05108702592446909,3.993511199951172e-06,0.04518180340528488,0.019567644223570824,0.09515703469514847,0.03728298097848892,-35.0,0,malecns,left
0.35,1.3926728311926126,0.4027959811501205,0.4203300476074219,23.632806185683577,-12.053632487647604,6.07240441391139,-0.08535659685730934,0.4283730089664459,0.05212551216466443,5.125999450683594e-06,0.06072414666414261,0.03227194771170616,0.12465854734182358,0.05942447856068611,-35.0,0,malecns,left
0.39999999999999997,1.6810552421957254,0.5864146458916366,0.4187889099121094,23.291632742535093,-12.195487832217509,6.161694346362427,-0.08535659685730934,0.4283730089664459,0.05439657466514628,6.318092346191406e-06,0.06072414666414261,0.03227194771170616,0.12465854734182358,0.05942447856068611,-35.0,0,malecns,left
0.44999999999999996,1.9014372173696756,0.7207272159866989,0.5158988237380981,23.034474046965826,-6.685551923598382,6.230754923239956,-0.040981728583574295,0.4308490455150604,0.05617355098681159,7.867813110351562e-06,0.054654743522405624,0.04099416732788086,0.11134575307369232,0.07558558136224747,-35.0,0,malecns,left
0.49999999999999994,2.230015689507127,0.7979861008934677,0.487218976020813,22.724179964290144,-8.66149656991007,6.316178582889339,-0.040981728583574295,0.4308490455150604,0.05839514678859179,9.357929229736328e-06,0.054654743522405624,0.04099416732788086,0.11134575307369232,0.07558558136224747,-35.0,0,malecns,left
0.5499999999999999,2.438707524910569,1.09414131520316,0.56132972240448,22.380396400981912,-4.1247719445652535,6.41360507544885,0.0006493963301181793,0.43306276202201843,0.06095925735816583,1.1026859283447266e-05,0.048218198120594025,0.04843466356396675,0.09668565541505814,0.089420385658741,-35.0,0,malecns,left
0.6,2.689993316307664,1.1628412711434066,0.5772906541824341,22.137381734016763,-3.4518613616717175,6.484311347355031,0.0006493963301181793,0.43306276202201843,0.06283941865995936,1.2993812561035156e-05,0.048218198120594025,0.04843466356396675,0.09668565541505814,0.089420385658741,-35.0,0,malecns,left
0.65,2.922702247276902,1.3573607909493148,0.5323730707168579,21.834610883687198,-5.978750219519981,6.574620394537308,0.0006493963301181793,0.43306276202201843,0.06526323876162157,1.4841556549072266e-05,0.048218198120594025,0.04843466356396675,0.09668565541505814,0.089420385658741,-35.0,0,malecns,left
0.7000000000000001,3.1757075134664774,1.5225578057579696,0.5954948663711548,21.532969404582985,-2.408971291833325,6.667135033883968,0.0006493963301181793,0.43306276202201843,0.06777098160549329,1.6748905181884766e-05,0.048218198120594025,0.04843466356396675,0.09668565541505814,0.089420385658741,-35.0,0,malecns,left
0.7500000000000001,3.4950064960867167,1.604454945307225,0.5313950777053833,21.228009392894464,-6.416962211797198,6.763358746306094,-0.020255886018276215,0.4397668242454529,0.07040428338642875,2.008676528930664e-05,0.0654044821858406,0.058652520179748535,0.12927491962909698,0.10226629674434662,-35.0,0,malecns,left
0.8000000000000002,3.7169446293264627,1.9058683621697128,0.5842853784561157,20.869902080362877,-3.0900500975018588,6.879967639047057,0.0006493963301181793,0.43306276202201843,0.07362742060634096,2.2172927856445312e-05,0.048218198120594025,0.04843466356396675,0.09668565541505814,0.089420385658741,-35.0,0,malecns,left
0.8500000000000002,3.9673718754202127,1.9760442483238876,0.6024972200393677,20.627169715151748,-2.3044506792828656,6.961326745842036,0.023104000836610794,0.4418365955352783,0.07589562678215496,2.6524066925048828e-05,0.06085221841931343,0.06855355203151703,0.11345382779836655,0.12157298624515533,-35.0,0,malecns,left
0.9000000000000002,4.1992484871298075,2.1634702193550766,0.5502380132675171,20.32922441173645,-5.267544205626507,7.063868281304749,0.0006493963301181793,0.43306276202201843,0.07877551518008111,2.872943878173828e-05,0.048218198120594025,0.04843466356396675,0.09668565541505814,0.089420385658741,-35.0,0,malecns,left
0.9500000000000003,4.449430638924241,2.335280369501561,0.605507493019104,20.025979816577532,-2.1359094236224223,7.1713911606943705,0.023104000836610794,0.4418365955352783,0.08181886184333549,3.349781036376953e-05,0.06085221841931343,0.06855355203151703,0.11345382779836655,0.12157298624515533,-35.0,0,malecns,left
1.0000000000000002,4.789008313789964,2.4273256766609848,0.546085000038147,19.6994256890422,-5.918316341272714,7.290910605489355,-0.020255886018276215,0.4397668242454529,0.08522774853590204,3.74913215637207e-05,0.0654044821858406,0.058652520179748535,0.12927491962909698,0.10226629674434662,-35.0,0,malecns,left
1.0500000000000003,4.987652475014329,2.7184276091866195,0.5908116102218628,19.365508999109085,-3.025091545632762,7.417327659139639,0.023104000836610794,0.4418365955352783,0.08886040489913125,4.26173210144043e-05,0.06085221841931343,0.06855355203151703,0.11345382779836655,0.12157298624515533,-35.0,0,malecns,left
1.1000000000000003,5.256613427773118,2.8015577304176986,0.6100670099258423,19.100708199273832,-2.2065115989369417,7.520747581401901,0.023104000836610794,0.4418365955352783,0.09185091321506116,4.786252975463867e-05,0.06085221841931343,0.06855355203151703,0.11345382779836655,0.12157298624515533,-35.0,0,malecns,left
1.1500000000000004,5.48278539814055,2.9987813937477767,0.5523000955581665,18.801339445481915,-5.453668594640135,7.641207790778259,-0.020255886018276215,0.4397668242454529,0.09535319582803807,5.221366882324219e-05,0.0654044821858406,0.058652520179748535,0.12927491962909698,0.10226629674434662,-35.0,0,malecns,left
1.2000000000000004,5.726603681221604,3.1766349780373275,0.6161729097366333,18.499591762405384,-1.8101624471586604,7.766606610866412,0.023104000836610794,0.4418365955352783,0.0990184611172036,5.799531936645508e-05,0.06085221841931343,0.06855355203151703,0.11345382779836655,0.12157298624515533,-35.0,0,malecns,left
1.2500000000000004,6.061336690559983,3.274972866754979,0.5542694330215454,18.17374670758678,-5.746523819450715,7.9067402185020175,-0.020255886018276215,0.4397668242454529,0.10313480722882229,6.276369094848633e-05,0.0654044821858406,0.058652520179748535,0.12927491962909698,0.10226629674434662,-35.0,0,malecns,left
1.3000000000000005,6.269256288185716,3.577122877817601,0.5973802804946899,17.825207085068996,-2.9128648203442253,8.062360665620401,0.023104000836610794,0.4418365955352783,0.10772744644600525,6.890296936035156e-05,0.06085221841931343,0.06855355203151703,0.11345382779836655,0.12157298624515533,-35.0,0,malecns,left
1.3500000000000005,6.535253698006272,3.658623408060521,0.6151093244552612,17.564217488649124,-2.2090247443527176,8.182975699418884,0.023104000836610794,0.4418365955352783,0.11129987029322563,7.539987564086914e-05,0.06085221841931343,0.06855355203151703,0.11345382779836655,0.12157298624515533,-35.0,0,malecns,left
1.4000000000000006,6.761991674080491,3.8587245452217758,0.5553015470504761,17.262550439503173,-5.566145911389526,8.326981537691633,-0.020255886018276215,0.4397668242454529,0.11557694215826025,8.07046890258789e-05,0.0654044821858406,0.058652520179748535,0.12927491962909698,0.10226629674434662,-35.0,0,malecns,left
1.4500000000000006,7.02041738666594,4.0377563941292465,0.6197160482406616,16.94851551342915,-1.9249603534946402,8.48239673600404,0.023104000836610794,0.4418365955352783,0.12020406495656016,8.7738037109375e-05,0.06085221841931343,0.06855355203151703,0.11345382779836655,0.12157298624515533,-35.0,0,malecns,left
1.5000000000000007,7.3714262787252665,4.137395809870213,0.5642672777175903,16.609767818157113,-5.5649729016334675,8.656705727170836,-0.020255886018276215,0.4397668242454529,0.12540321949994293,9.351968765258789e-05,0.0654044821858406,0.058652520179748535,0.12927491962909698,0.10226629674434662,-35.0,0,malecns,left
0.05,0.0,0.0,0.0,25.0,35.0,5.739170477266787,0.24754469096660614,0.42685750126838684,0.04393693362340741,1.1324882507324219e-06,0.0,0.08251489698886871,0.0008402534876950085,0.1782505214214325,35.0,1,malecns,right
0.1,0.12301131524145603,-0.03157093236222863,-0.028824806213378906,24.881166830478055,33.45138292899236,5.766673629044241,0.24754469096660614,0.42685750126838684,0.0445944505954018,2.3245811462402344e-06,0.0,0.08251489698886871,0.0008402534876950085,0.1782505214214325,35.0,1,malecns,right
0.15000000000000002,0.3734962288290262,-0.15829046489670873,-0.1987287998199463,24.60340344946325,23.81061095937602,5.832001755506147,0.1869412176311016,0.41841116547584534,0.04616998205281647,2.9206275939941406e-06,0.0,0.0623137392103672,0.010520372539758682,0.12489762902259827,35.0,1,malecns,right
0.2,0.6470069233328104,-0.18796918215230107,-0.2616145610809326,24.36315586073123,20.521235682532563,5.889714145469505,0.21169797331094742,0.4254299998283386,0.04757753977393538,4.172325134277344e-06,0.011417762376368046,0.08198375254869461,0.019478630274534225,0.16458502411842346,35.0,1,malecns,right
0.25,0.8475878778845072,-0.2156573128886521,-0.3568066358566284,24.18398123744662,15.289762173757055,5.933506023069153,0.13156415149569511,0.41749122738838196,0.048655148204686784,4.76837158203125e-06,0.013801881112158298,0.05765659734606743,0.023823758587241173,0.10693613439798355,35.0,1,malecns,right
0.3,1.1857837978750467,-0.3029525768943131,-0.3879375457763672,23.85880716635943,13.810236023253935,6.01467070930078,0.16369356215000153,0.43022531270980835,0.050673565454085884,6.020069122314453e-06,0.022094203159213066,0.07665872573852539,0.0400526188313961,0.143289715051651,35.0,1,malecns,right
0.35,1.4243586603552103,-0.5999394548125565,-0.48112165927886963,23.491378265128375,8.227773753906263,6.109101579003595,0.11866897344589233,0.43343254923820496,0.053055206093372075,7.569789886474609e-06,0.031799376010894775,0.07135570049285889,0.055115342140197754,0.13342499732971191,35.0,1,malecns,right
0.39999999999999997,1.619549686089158,-0.6668556821532547,-0.5746114253997803,23.29399344446245,3.018501693093242,6.161067478688907,0.08135325461626053,0.43425726890563965,0.05438052527092078,9.119510650634766e-06,0.03812333941459656,0.06524109095335007,0.06723304837942123,0.12016253173351288,35.0,1,malecns,right
0.44999999999999996,1.886984521523118,-0.8880743277259171,-0.5550268888473511,22.947638217757227,4.085358202247818,6.254426552997668,0.08135325461626053,0.43425726890563965,0.056786606778092885,1.0788440704345703e-05,0.03812333941459656,0.06524109095335007,0.06723304837942123,0.12016253173351288,35.0,1,malecns,right
0.49999999999999994,2.0879761520773172,-1.1071440470404923,-0.6577608585357666,22.656463290440165,-1.9517652806700028,6.335133858927263,0.03516925871372223,0.434687077999115,0.05889153532475174,1.239776611328125e-05,0.04546203091740608,0.05718511715531349,0.08385031670331955,0.10609377175569534,35.0,1,malecns,right
0.5499999999999999,2.4226254764944315,-1.2049897206015885,-0.6226511001586914,22.327975688721757,0.3576074922019359,6.428726109364226,0.03516925871372223,0.434687077999115,0.06136000986870856,1.4424324035644531e-05,0.04546203091740608,0.05718511715531349,0.08385031670331955,0.10609377175569534,35.0,1,malecns,right
0.6,2.582445317879319,-1.5077976477332413,-0.6820745468139648,22.02112280107015,-3.4396257803909407,6.518692884052103,0.0006493963301181793,0.43306276202201843,0.06375929190873414,1.621246337890625e-05,0.048218198120594025,0.04843466356396675,0.09668565541505814,0.089420385658741,35.0,1,malecns,right
0.65,2.8035528007894754,-1.6382018816657364,-0.7278907299041748,21.76545688572826,-6.004522347296273,6.5956021296310885,0.0006493963301181793,0.43306276202201843,0.065829835871948,1.817941665649414e-05,0.048218198120594025,0.04843466356396675,0.09668565541505814,0.089420385658741,35.0,1,malecns,right
0.7000000000000001,3.0077974144369364,-1.8399384510703385,-0.6683481335639954,21.481917553010792,-2.712042727711207,6.683051665283116,0.0006493963301181793,0.43306276202201843,0.06820484373643361,2.008676528930664e-05,0.048218198120594025,0.04843466356396675,0.09668565541505814,0.089420385658741,35.0,1,malecns,right
0.7500000000000001,3.2104696575552225,-2.081108380574733,-0.740580677986145,21.1769037380009,-7.062277016103991,6.779757092505479,-0.040981728583574295,0.4308490455150604,0.0708554801473594,2.193450927734375e-05,0.054654743522405624,0.04099416732788086,0.11134575307369232,0.07558558136224747,35.0,1,malecns,right
0.8000000000000002,3.5544714275747538,-2.2023039353080094,-0.6847735047340393,20.82648075866137,-3.5888262813172105,6.894381307207605,0.0006493963301181793,0.43306276202201843,0.07402813207598691,2.396106719970703e-05,0.048218198120594025,0.04843466356396675,0.09668565541505814,0.089420385658741,35.0,1,malecns,right
0.8500000000000002,3.6994623485952616,-2.4851029408164322,-0.7003355026245117,20.544362403736958,-4.885734457745002,6.989525211646259,0.0006493963301181793,0.43306276202201843,0.07668529572954547,2.6226043701171875e-05,0.048218198120594025,0.04843466356396675,0.09668565541505814,0.089420385658741,35.0,1,malecns,right
0.9000000000000002,3.947503024712205,-2.599787284154445,-0.7316567301750183,20.27566470280717,-6.540556331391997,7.082623527102301,-0.020255886018276215,0.4397668242454529,0.07930468379380867,2.9921531677246094e-05,0.0654044821858406,0.058652520179748535,0.12927491962909698,0.10226629674434662,35.0,1,malecns,right
0.9500000000000003,4.152305299416184,-2.7956247818656266,-0.6672940850257874,19.995336043843924,-2.970592861814538,7.182439536516972,0.0006493963301181793,0.43306276202201843,0.0821328676805735,3.230571746826172e-05,0.048218198120594025,0.04843466356396675,0.09668565541505814,0.089420385658741,35.0,1,malecns,right
1.0000000000000002,4.3639518562704325,-3.0495470059104264,-0.7387248277664185,19.67611225131161,-7.311204773803581,7.299596329760863,-0.040981728583574295,0.4308490455150604,0.08547647975966889,3.457069396972656e-05,0.054654743522405624,0.04099416732788086,0.11134575307369232,0.07558558136224747,35.0,1,malecns,right
1.0500000000000003,4.696674520149827,-3.164768983144313,-0.6754753589630127,19.3377387968849,-3.4012260511504735,7.428039441968956,0.0006493963301181793,0.43306276202201843,0.0891693998187896,3.707408905029297e-05,0.048218198120594025,0.04843466356396675,0.09668565541505814,0.089420385658741,35.0,1,malecns,right
1.1000000000000003,4.85206669010222,-3.441610385198146,-0.6933270692825317,19.05142736896583,-4.8334967894582235,7.540314643987184,0.0006493963301181793,0.43306276202201843,0.09241847068524388,3.981590270996094e-05,0.048218198120594025,0.04843466356396675,0.09668565541505814,0.089420385658741,35.0,1,malecns,right
1.1500000000000004,5.092127019539475,-3.570992757100612,-0.7265802621841431,18.780536972354707,-6.643595039027076,7.649722284590547,-0.020255886018276215,0.4397668242454529,0.09560146626481467,4.4226646423339844e-05,0.0654044821858406,0.058652520179748535,0.12927491962909698,0.10226629674434662,35.0,1,malecns,right
1.2000000000000004,5.309975320473313,-3.778251696843654,-0.6589804291725159,18.483272428025384,-2.9095774756418677,7.773506306105355,0.023104000836610794,0.4418365955352783,0.09922065670026661,4.988908767700195e-05,0.06085221841931343,0.06855355203151703,0.11345382779836655,0.12157298624515533,35.0,1,malecns,right
1.2500000000000004,5.516762429848313,-4.035352278966457,-0.7215472459793091,18.16689917486926,-6.787199877018054,7.909739529655158,-0.020255886018276215,0.4397668242454529,0.10322312239059216,5.459785461425781e-05,0.0654044821858406,0.058652520179748535,0.12927491962909698,0.10226629674434662,35.0,1,malecns,right
1.3000000000000005,5.8651186767965555,-4.1489501488395035,-0.6664173007011414,17.815869461724724,-3.2939379236912316,8.066614431558962,0.023104000836610794,0.4418365955352783,0.10785325964633306,6.091594696044922e-05,0.06085221841931343,0.06855355203151703,0.11345382779836655,0.12157298624515533,35.0,1,malecns,right
1.3500000000000005,6.0153471771627665,-4.430705119390041,-0.6944097876548767,17.53208344742976,-5.3722638800663844,8.198077136991465,-0.020255886018276215,0.4397668242454529,0.11174783369804825,6.604194641113281e-05,0.0654044821858406,0.058652520179748535,0.12927491962909698,0.10226629674434662,35.0,1,malecns,right
1.4000000000000006,6.263578588142991,-4.559420634526759,-0.7261663675308228,17.254586666490248,-7.078522994037968,8.330852125357966,-0.020255886018276215,0.4397668242454529,0.1156920530101574,7.140636444091797e-05,0.0654044821858406,0.058652520179748535,0.12927491962909698,0.10226629674434662,35.0,1,malecns,right
1.4500000000000006,6.4766909424215555,-4.762948561925441,-0.6572262048721313,16.963717757258742,-3.286894642607251,8.474739180965685,0.023104000836610794,0.4418365955352783,0.11997586041345396,7.832050323486328e-05,0.06085221841931343,0.06855355203151703,0.11345382779836655,0.12157298624515533,35.0,1,malecns,right
1.5000000000000007,6.685567075386643,-5.029084731359035,-0.7271224856376648,16.641378506210252,-7.642004384707832,8.640136200674245,-0.020255886018276215,0.4397668242454529,0.12490868691901093,8.416175842285156e-05,0.0654044821858406,0.058652520179748535,0.12927491962909698,0.10226629674434662,35.0,1,malecns,right
0.05,0.0,0.0,0.0,25.0,-35.0,5.739170477266787,-0.1949036568403244,0.4225628674030304,0.04393693362340741,1.0132789611816406e-06,0.06496788561344147,0.0,0.166319340467453,0.0013592311879619956,-35.0,1,malecns,left
0.1,0.09250352717936039,-0.11863223137333989,0.03936934471130371,24.99272174983329,-33.08871986163723,5.740847423347386,-0.1949036568403244,0.4225628674030304,0.043976924811574676,2.086162567138672e-06,0.06496788561344147,0.0,0.166319340467453,0.0013592311879619956,-35.0,1,malecns,left
0.15000000000000002,0.19180178083479404,-0.04103727312758565,0.034146666526794434,24.866837989204956,-33.374477528822865,5.770007794030653,-0.1949036568403244,0.4225628674030304,0.04467439551944274,3.0994415283203125e-06,0.06496788561344147,0.0,0.166319340467453,0.0013592311879619956,-35.0,1,malecns,left
0.2,0.5855046454817057,-0.05403393181040883,0.13284921646118164,24.554317308648756,-28.275257973560485,5.843700970115601,-0.1363796778023243,0.4155150353908539,0.046454141208650435,3.3974647521972656e-06,0.045459892600774765,0.0,0.11854613572359085,0.005182017106562853,-35.0,1,malecns,left
0.25,0.7533958498388529,-0.04025594564154744,0.13405001163482666,24.41037548691433,-28.41125776250925,5.878280852888172,-0.19653412699699402,0.421665221452713,0.04729754271625546,4.172325134277344e-06,0.06551137566566467,0.0,0.16248764097690582,0.005182017106562853,-35.0,1,malecns,left
0.3,1.0498538557440042,0.04207247821614146,0.20971465110778809,24.122559513840795,-24.332776452781246,5.948668578679847,-0.20191848278045654,0.42086261510849,0.04903014631009686,5.066394805908203e-06,0.06730616092681885,0.0,0.15864670276641846,0.013579893857240677,-35.0,1,malecns,left
0.35,1.4386495891958475,0.12564248917624354,0.2599759101867676,23.760441547149657,-21.846387555261884,6.039663231368912,-0.15095095708966255,0.4197835326194763,0.05130047880625496,6.020069122314453e-06,0.06661519408226013,0.016298208385705948,0.14668945968151093,0.027020564302802086,-35.0,1,malecns,left
0.39999999999999997,1.5923852268606424,0.21257681725546718,0.3275488615036011,23.585252728249962,-18.02892250378187,6.084694008446389,-0.13108254969120026,0.426478773355484,0.05243627841572853,6.973743438720703e-06,0.06755559146404266,0.023861408233642578,0.13645678758621216,0.042059533298015594,-35.0,1,malecns,left
0.44999999999999996,1.952467018738389,0.23032916663214564,0.364656925201416,23.28714757896971,-16.39847161444797,6.162885701941564,-0.13108254969120026,0.426478773355484,0.05442708040764625,8.046627044677734e-06,0.06755559146404266,0.023861408233642578,0.13645678758621216,0.042059533298015594,-35.0,1,malecns,left
0.49999999999999994,2.1985306087881327,0.5197046506218612,0.4332960844039917,22.916207595448306,-12.262888141678758,6.263039090676536,-0.08535659685730934,0.4283730089664459,0.05701015042151719,9.298324584960938e-06,0.06072414666414261,0.03227194771170616,0.12465854734182358,0.05942447856068611,-35.0,1,malecns,left
0.5499999999999999,2.378465348854661,0.5407033073715866,0.4809626340866089,22.760195210823493,-9.762789525904509,6.306143410111234,-0.040981728583574295,0.4308490455150604,0.058132848202368234,1.0848045349121094e-05,0.054654743522405624,0.04099416732788086,0.11134575307369232,0.07558558136224747,-35.0,1,malecns,left
0.6,2.646470243111253,0.7452798592858016,0.47675764560699463,22.423033314829063,-10.003180633477285,6.40135869747326,-0.040981728583574295,0.4308490455150604,0.06063523226400983,1.239776611328125e-05,0.054654743522405624,0.04099416732788086,0.11134575307369232,0.07558558136224747,-35.0,1,malecns,left
0.65,2.876207048073411,0.8935597050003707,0.5564144849777222,22.150445417764182,-5.494424289600943,6.48047069397329,0.0006493963301181793,0.43306276202201843,0.06273688811037947,1.424551010131836e-05,0.048218198120594025,0.04843466356396675,0.09668565541505814,0.089420385658741,-35.0,1,malecns,left
0.7000000000000001,3.2239026371389627,0.9780883896164596,0.5072964429855347,21.823300865679652,-8.686447678059949,6.5780427654131515,-0.040981728583574295,0.4308490455150604,0.06535557006373925,1.5914440155029297e-05,0.054654743522405624,0.04099416732788086,0.11134575307369232,0.07558558136224747,-35.0,1,malecns,left
0.7500000000000001,3.432737523689866,1.268536280374974,0.5584443807601929,21.480596994620452,-5.484385213307576,6.683464391533456,0.0006493963301181793,0.43306276202201843,0.06821610322554109,1.7940998077392578e-05,0.048218198120594025,0.04843466356396675,0.09668565541505814,0.089420385658741,-35.0,1,malecns,left
0.8000000000000002,3.6983632389456034,1.3365474450401962,0.5768400430679321,21.228696458043242,-4.72096920531007,6.763138828359119,0.0006493963301181793,0.43306276202201843,0.07039823710488936,1.996755599975586e-05,0.048218198120594025,0.04843466356396675,0.09668565541505814,0.089420385658741,-35.0,1,malecns,left
0.8500000000000002,3.9289848152548075,1.5258980500511825,0.532983660697937,20.930421187321226,-7.21071852189948,6.859978863777908,-0.040981728583574295,0.4308490455150604,0.07307253884400057,2.181529998779297e-05,0.054654743522405624,0.04099416732788086,0.11134575307369232,0.07558558136224747,-35.0,1,malecns,left
0.9000000000000002,4.166125470772386,1.6824445235542953,0.611284613609314,20.647086586168616,-2.7837734015630247,6.9545784267946935,0.0006493963301181793,0.43306276202201843,0.07570691136724439,2.4080276489257812e-05,0.048218198120594025,0.04843466356396675,0.09668565541505814,0.089420385658741,-35.0,1,malecns,left
0.9500000000000003,4.499240571632981,1.7898408877663314,0.5600332021713257,20.318416833574208,-6.05682945792401,7.067644795575262,-0.020255886018276215,0.4397668242454529,0.07888200866462329,2.765655517578125e-05,0.0654044821858406,0.058652520179748535,0.12927491962909698,0.10226629674434662,-35.0,1,malecns,left
1.0000000000000002,4.6877433601766825,2.0882367598824203,0.6139296293258667,19.98621456897554,-2.6298013251542898,7.185734809126436,0.023104000836610794,0.4418365955352783,0.08222656769912234,3.254413604736328e-05,0.06085221841931343,0.06855355203151703,0.11345382779836655,0.12157298624515533,-35.0,1,malecns,left
1.0500000000000003,4.955172711983323,2.1655690181069076,0.6229842901229858,19.727784085714255,-2.4096574829073916,7.280373215375747,0.023104000836610794,0.4418365955352783,0.08492616808526908,3.725290298461914e-05,0.06085221841931343,0.06855355203151703,0.11345382779836655,0.12157298624515533,-35.0,1,malecns,left
1.1000000000000003,5.173008615151048,2.3630809294991195,0.5697959661483765,19.434499313924988,-5.39522507007851,7.39084967968725,0.0006493963301181793,0.43306276202201843,0.08809738627029788,3.981590270996094e-05,0.048218198120594025,0.04843466356396675,0.09668565541505814,0.089420385658741,-35.0,1,malecns,left
1.1500000000000004,5.4252945724874735,2.5375494468025863,0.6388522386550903,19.128303452188227,-1.492702433095502,7.5098352434686015,0.023104000836610794,0.4418365955352783,0.09153462787945955,4.51207160949707e-05,0.06085221841931343,0.06855355203151703,0.11345382779836655,0.12157298624515533,-35.0,1,malecns,left
1.2000000000000004,5.764114076271653,2.634500454645604,0.57368004322052,18.802312175849945,-5.631317606178925,7.640810115537792,-0.020255886018276215,0.4397668242454529,0.09534160241422263,4.953145980834961e-05,0.0654044821858406,0.058652520179748535,0.12927491962909698,0.10226629674434662,-35.0,1,malecns,left
1.2500000000000004,5.95503824390471,2.931751679163426,0.6165033578872681,18.468199067828028,-2.8247484412668484,7.779890146411228,0.023104000836610794,0.4418365955352783,0.09940778151957773,5.525350570678711e-05,0.06085221841931343,0.06855355203151703,0.11345382779836655,0.12157298624515533,-35.0,1,malecns,left
1.3000000000000005,6.23645799793303,3.012906740885228,0.6223965883255005,18.197088610765213,-2.8334694960166473,7.89653327721099,0.023104000836610794,0.4418365955352783,0.10283432546991889,6.109476089477539e-05,0.06085221841931343,0.06855355203151703,0.11345382779836655,0.12157298624515533,-35.0,1,malecns,left
1.3500000000000005,6.463148767128587,3.214292715769261,0.5757037401199341,17.89432215332051,-5.4558811000815695,8.031014627378374,-0.020255886018276215,0.4397668242454529,0.10680075649815579,6.604194641113281e-05,0.0654044821858406,0.058652520179748535,0.12927491962909698,0.10226629674434662,-35.0,1,malecns,left
1.4000000000000006,6.710396463051438,3.388327072840184,0.6425594091415405,17.592475767423768,-1.6820193895471505,8.169741740735502,0.023104000836610794,0.4418365955352783,0.11090742097737073,7.2479248046875e-05,0.06085221841931343,0.06855355203151703,0.11345382779836655,0.12157298624515533,-35.0,1,malecns,left
1.4500000000000006,7.053245717659593,3.496873329859227,0.579619288444519,17.25706112489925,-5.714756245019885,8.329649091647,-0.020255886018276215,0.4397668242454529,0.11565627414709624,7.784366607666016e-05,0.0654044821858406,0.058652520179748535,0.12927491962909698,0.10226629674434662,-35.0,1,malecns,left
1.5000000000000007,7.247297460213304,3.8229126441292465,0.6281565427780151,16.901758030193182,-2.48722172347874,8.506036352075531,0.023104000836610794,0.4418365955352783,0.120908677012658,8.475780487060547e-05,0.06085221841931343,0.06855355203151703,0.11345382779836655,0.12157298624515533,-35.0,1,malecns,left
0.05,0.0,0.0,0.0,25.0,35.0,5.739170477266787,0.24754469096660614,0.42685750126838684,0.04393693362340741,1.1324882507324219e-06,0.0,0.08251489698886871,0.0008402534876950085,0.1782505214214325,35.0,2,malecns,right
0.1,0.08918069489300251,0.08631024835631251,-0.0009223222732543945,24.976750218199253,35.22668276786183,5.744530788766179,0.24754469096660614,0.42685750126838684,0.044064809866792,2.3245811462402344e-06,0.0,0.08251489698886871,0.0008402534876950085,0.1782505214214325,35.0,2,malecns,right
0.15000000000000002,0.5579684320837259,-0.058580626267939806,-0.16552293300628662,24.51084837431727,26.152185593805996,5.854100704044715,0.2510799542069435,0.4259956181049347,0.04670724221457477,3.7550926208496094e-06,0.0,0.08369331806898117,0.010826322250068188,0.17332544922828674,35.0,2,malecns,right
0.2,0.6599886957556009,-0.012347967829555273,-0.2663717269897461,24.455062010038958,20.6012731129301,5.867501779082032,0.21169797331094742,0.4254299998283386,0.047034083875460216,5.0067901611328125e-06,0.011417762376368046,0.08198375254869461,0.019478630274534225,0.16458502411842346,35.0,2,malecns,right
0.25,1.0542271677404642,-0.19375189067795873,-0.309848427772522,24.029434903609292,18.31041891680755,5.971805962261698,0.1890685111284256,0.42479437589645386,0.049604220261616885,6.377696990966797e-06,0.01738613471388817,0.080408975481987,0.02880050055682659,0.15475749969482422,35.0,2,malecns,right
0.3,1.2192156855016947,-0.27235858561471105,-0.4681798219680786,23.84981324201954,9.319375590740378,6.016947255266587,0.11866897344589233,0.43343254923820496,0.050730566766391094,7.927417755126953e-06,0.031799376010894775,0.07135570049285889,0.055115342140197754,0.13342499732971191,35.0,2,malecns,right
0.35,1.5461805406957865,-0.35384054901078343,-0.47622454166412354,23.538060663616804,9.16771107238975,6.096939577228005,0.11866897344589233,0.43343254923820496,0.052746514588948995,9.59634780883789e-06,0.031799376010894775,0.07135570049285889,0.055115342140197754,0.13342499732971191,35.0,2,malecns,right
0.39999999999999997,1.750183755531907,-0.6363575947470963,-0.565861701965332,23.206352105258908,3.7700999837780955,6.184426040157698,0.08135325461626053,0.43425726890563965,0.05497954823601636,1.1086463928222656e-05,0.03812333941459656,0.06524109095335007,0.06723304837942123,0.12016253173351288,35.0,2,malecns,right
0.44999999999999996,1.972054535523057,-0.7057018768973649,-0.6006245613098145,22.98646755452275,1.9653982779480828,6.2438193554574655,0.04233711026608944,0.425599068403244,0.05651165130425136,1.1742115020751953e-05,0.029038844630122185,0.043151214718818665,0.05295329913496971,0.08255984634160995,35.0,2,malecns,right
0.49999999999999994,2.2050120178610086,-0.9478573095984757,-0.6036091446876526,22.655354234312902,1.6507675593444162,6.3354452552519716,0.03516925871372223,0.434687077999115,0.058899700142953246,1.3530254364013672e-05,0.04546203091740608,0.05718511715531349,0.08385031670331955,0.10609377175569534,35.0,2,malecns,right
0.5499999999999999,2.4214231316000223,-1.1002443325705826,-0.6923108696937561,22.390721984498338,-3.418659287604754,6.410635005246726,0.0006493963301181793,0.43306276202201843,0.0608806281245076,1.531839370727539e-05,0.048218198120594025,0.04843466356396675,0.09668565541505814,0.089420385658741,35.0,2,malecns,right
0.6,2.707330161705613,-1.2451802981086075,-0.6255967020988464,22.074511429537356,0.539178057989659,6.502858875300593,0.03516925871372223,0.434687077999115,0.0633352059248639,1.722574234008789e-05,0.04546203091740608,0.05718511715531349,0.08385031670331955,0.10609377175569534,35.0,2,malecns,right
0.65,2.9035219494253397,-1.57629268290475,-0.6925806403160095,21.720672741012205,-3.6949004020301572,6.609261659445552,0.0006493963301181793,0.43306276202201843,0.06619938589276578,1.913309097290039e-05,0.048218198120594025,0.04843466356396675,0.09668565541505814,0.089420385658741,35.0,2,malecns,right
0.7000000000000001,3.172178441658616,-1.6601679814048111,-0.6906493306159973,21.45419281398359,-3.343900932122466,6.6917274704156124,0.0006493963301181793,0.43306276202201843,0.06844162397797277,2.110004425048828e-05,0.048218198120594025,0.04843466356396675,0.09668565541505814,0.089420385658741,35.0,2,malecns,right
0.7500000000000001,3.360856944695115,-1.872328330297023,-0.657306969165802,21.17668907950678,-1.59488065764765,6.779826138389726,0.03516925871372223,0.434687077999115,0.07085738138920021,2.3186206817626953e-05,0.04546203091740608,0.05718511715531349,0.08385031670331955,0.10609377175569534,35.0,2,malecns,right
0.8000000000000002,3.5765284840017557,-2.050881911534816,-0.7340033054351807,20.897242993892668,-6.03686066712163,6.8709228036358185,-0.020255886018276215,0.4397668242454529,0.07337621998671846,2.664327621459961e-05,0.0654044821858406,0.058652520179748535,0.12927491962909698,0.10226629674434662,35.0,2,malecns,right
0.8500000000000002,3.8706285301595926,-2.2089972984977067,-0.6643767952919006,20.56643699589234,-1.9220342614744936,6.981985761923109,0.023104000836610794,0.4418365955352783,0.07647398781867194,3.1054019927978516e-05,0.06085221841931343,0.06855355203151703,0.11345382779836655,0.12157298624515533,35.0,2,malecns,right
0.9000000000000002,4.049300843849778,-2.534808923024684,-0.7172688841819763,20.230598284436553,-5.399220415788307,7.098482168432848,0.0006493963301181793,0.43306276202201843,0.07975269174849384,3.331899642944336e-05,0.048218198120594025,0.04843466356396675,0.09668565541505814,0.089420385658741,35.0,2,malecns,right
0.9500000000000003,4.326030904427171,-2.640131999272853,-0.7101526856422424,19.944550940713995,-4.773338948283936,7.200825065038868,0.0006493963301181793,0.43306276202201843,0.08265591688773584,3.5643577575683594e-05,0.048218198120594025,0.04843466356396675,0.09668565541505814,0.089420385658741,35.0,2,malecns,right
1.0000000000000002,4.50940721668303,-2.86538701178506,-0.679700493812561,19.664047539100267,-3.2466900688105227,7.304099348336532,0.0006493963301181793,0.43306276202201843,0.08560548315066074,3.820657730102539e-05,0.048218198120594025,0.04843466356396675,0.09668565541505814,0.089420385658741,35.0,2,malecns,right
1.0500000000000003,4.740516358986497,-3.0476551544852555,-0.7504803538322449,19.370011740605417,-7.341031358083086,7.415593737789193,-0.020255886018276215,0.4397668242454529,0.08881040454255372,4.225969314575195e-05,0.0654044821858406,0.058652520179748535,0.12927491962909698,0.10226629674434662,35.0,2,malecns,right
1.1000000000000003,5.037367993965745,-3.195559073705226,-0.6867448091506958,19.04267025165501,-3.5301575083225316,7.5438023668289835,0.0006493963301181793,0.43306276202201843,0.0925196909987063,4.494190216064453e-05,0.048218198120594025,0.04843466356396675,0.09668565541505814,0.089420385658741,35.0,2,malecns,right
1.1500000000000004,5.198735410347581,-3.5158322346396744,-0.7332091331481934,18.725123845147344,-6.698078992744854,7.672496139684068,-0.020255886018276215,0.4397668242454529,0.09626596199610574,4.941225051879883e-05,0.0654044821858406,0.058652520179748535,0.12927491962909698,0.10226629674434662,35.0,2,malecns,right
1.2000000000000004,5.485339337959886,-3.6224191677756608,-0.7170107960700989,18.429807589963634,-5.525354492037508,7.796197240821328,-0.020255886018276215,0.4397668242454529,0.09988597947771043,5.4001808166503906e-05,0.0654044821858406,0.058652520179748535,0.12927491962909698,0.10226629674434662,35.0,2,malecns,right
1.2500000000000004,5.671063119545579,-3.8332124245353043,-0.6694242358207703,18.156247159091627,-2.999203656343667,7.914409795806089,0.023104000836610794,0.4418365955352783,0.10336065572426544,6.002187728881836e-05,0.06085221841931343,0.06855355203151703,0.11345382779836655,0.12157298624515533,35.0,2,malecns,right
1.3000000000000005,5.9066435638815165,-4.018534709233791,-0.7416345477104187,17.85688273451714,-7.1841143381014945,8.047964258059377,-0.020255886018276215,0.4397668242454529,0.10730174766629187,6.490945816040039e-05,0.0654044821858406,0.058652520179748535,0.12927491962909698,0.10226629674434662,35.0,2,malecns,right
1.3500000000000005,6.2048146072775126,-4.175354052800685,-0.6756636500358582,17.522977554404935,-3.259203215809464,8.202366639968298,0.023104000836610794,0.4418365955352783,0.11187510159222339,7.146596908569336e-05,0.06085221841931343,0.06855355203151703,0.11345382779836655,0.12157298624515533,35.0,2,malecns,right
1.4000000000000006,6.375451738014817,-4.510956336278468,-0.7300175428390503,17.190200194111938,-6.954747431995571,8.36227864618988,-0.020255886018276215,0.4397668242454529,0.1166269354721531,7.68899917602539e-05,0.0654044821858406,0.058652520179748535,0.12927491962909698,0.10226629674434662,35.0,2,malecns,right
1.4500000000000006,6.653618508949876,-4.597487498540431,-0.7189260721206665,16.912739151495902,-6.020967366719589,8.500472649191154,-0.020255886018276215,0.4397668242454529,0.12074282675895463,8.231401443481445e-05,0.0654044821858406,0.058652520179748535,0.12927491962909698,0.10226629674434662,35.0,2,malecns,right
1.5000000000000007,6.836956674233079,-4.806374598760158,-0.6758469939231873,16.64267709300491,-3.7770047092186303,8.639456875723111,0.023104000836610794,0.4418365955352783,0.12488841296810187,8.958578109741211e-05,0.06085221841931343,0.06855355203151703,0.11345382779836655,0.12157298624515533,35.0,2,malecns,right
0.05,0.0,0.0,0.0,25.0,-35.0,5.739170477266787,-0.1949036568403244,0.4225628674030304,0.04393693362340741,1.0132789611816406e-06,0.06496788561344147,0.0,0.166319340467453,0.0013592311879619956,-35.0,2,malecns,left
0.1,0.22339564003050327,-4.645204171538353e-05,0.050153255462646484,24.81736263270451,-32.42234302155214,5.781549918761019,-0.1412329562008381,0.41597673296928406,0.04495153682076218,1.4901161193847656e-06,0.04707765206694603,0.0,0.12028026580810547,0.0013592311879619956,-35.0,2,malecns,left
0.15000000000000002,0.3236535731703043,-0.0778563511557877,0.07302224636077881,24.780790289331133,-31.392819677107354,5.79011167275988,-0.19653412699699402,0.421665221452713,0.045157505138525046,2.2649765014648438e-06,0.06551137566566467,0.0,0.16248764097690582,0.005182017106562853,-35.0,2,malecns,left
0.2,0.6625608745962381,-0.09760741563513875,0.0732572078704834,24.51756258392408,-31.877685198042286,5.8524919408756455,-0.1412329562008381,0.41597673296928406,0.04666805838310534,2.682209014892578e-06,0.04707765206694603,0.0,0.12028026580810547,0.0013592311879619956,-35.0,2,malecns,left
0.25,0.9102505389600992,-0.1481216442771256,0.18131566047668457,24.347828872786806,-26.125691714817208,5.893434854683937,-0.20191848278045654,0.42086261510849,0.047668779695417926,3.5762786865234375e-06,0.06730616092681885,0.0,0.15864670276641846,0.013579893857240677,-35.0,2,malecns,left
0.3,1.2259636465460062,-0.14744134666398168,0.1922849416732788,24.09441094026304,-25.942620158557816,5.9556433025977356,-0.20191848278045654,0.42086261510849,0.04920296625660281,4.5299530029296875e-06,0.06730616092681885,0.0,0.15864670276641846,0.013579893857240677,-35.0,2,malecns,left
0.35,1.5149249378591776,0.08863577572628856,0.30956923961639404,23.72157649187308,-19.186735424931896,6.049595425868692,-0.10169889405369759,0.4141681492328644,0.051550309663586036,4.827976226806641e-06,0.048561520874500275,0.014661889523267746,0.1030140295624733,0.02564224787056446,-35.0,2,malecns,left
0.39999999999999997,1.6682484690099955,0.08344911364838481,0.3816758394241333,23.602316353680038,-15.288997803674846,6.080278399446545,-0.07684247754514217,0.41979148983955383,0.052324553483381796,5.125999450683594e-06,0.04518180340528488,0.019567644223570824,0.09515703469514847,0.03728298097848892,-35.0,2,malecns,left
0.44999999999999996,1.9458389822393656,0.2682057130150497,0.3843553066253662,23.26949721819014,-15.185753810742852,6.167578501954251,-0.07684247754514217,0.41979148983955383,0.05454729517417848,5.543231964111328e-06,0.04518180340528488,0.019567644223570824,0.09515703469514847,0.03728298097848892,-35.0,2,malecns,left
0.49999999999999994,2.1622912231832743,0.40936176059767604,0.48044049739837646,23.011753596865635,-9.726456488117947,6.23693120589193,-0.040981728583574295,0.4308490455150604,0.05633331379237197,6.9141387939453125e-06,0.054654743522405624,0.04099416732788086,0.11134575307369232,0.07558558136224747,-35.0,2,malecns,left
0.5499999999999999,2.488887721672654,0.46655363915488124,0.4449208974838257,22.71768369449121,-12.145394717898512,6.317992090649105,-0.08535659685730934,0.4283730089664459,0.058442584875209036,8.285045623779297e-06,0.06072414666414261,0.03227194771170616,0.12465854734182358,0.05942447856068611,-35.0,2,malecns,left
0.6,2.7084879223257303,0.7500664102844894,0.5154231786727905,22.37083625142527,-7.874356489161443,6.416357434663567,-0.040981728583574295,0.4308490455150604,0.06103214835469387,9.775161743164062e-06,0.054654743522405624,0.04099416732788086,0.11134575307369232,0.07558558136224747,-35.0,2,malecns,left
0.65,2.9183594528585672,0.8114763009361923,0.5603286027908325,22.16696023027051,-5.504902839799996,6.475621947524438,0.0006493963301181793,0.43306276202201843,0.06260751070350451,1.1742115020751953e-05,0.048218198120594025,0.04843466356396675,0.09668565541505814,0.089420385658741,-35.0,2,malecns,left
0.7000000000000001,3.1786212269216776,1.0123368012718856,0.5263444185256958,21.838203409570013,-7.451296284919152,6.573534055854607,-0.040981728583574295,0.4308490455150604,0.06523393785682423,1.341104507446289e-05,0.054654743522405624,0.04099416732788086,0.11134575307369232,0.07558558136224747,-35.0,2,malecns,left
0.7500000000000001,3.410612279549241,1.199769567232579,0.6019245386123657,21.54003817177652,-3.102499302735424,6.6649371644665205,0.0006493963301181793,0.43306276202201843,0.06771112589208825,1.531839370727539e-05,0.048218198120594025,0.04843466356396675,0.09668565541505814,0.089420385658741,-35.0,2,malecns,left
0.8000000000000002,3.7502745930105448,1.2916602599434555,0.5561789274215698,21.2152632868622,-6.086460862230297,6.767441160971157,0.0006493963301181793,0.43306276202201843,0.070516545351759,1.7404556274414062e-05,0.048218198120594025,0.04843466356396675,0.09668565541505814,0.089420385658741,-35.0,2,malecns,left
0.8500000000000002,3.9431714359670877,1.5913332211785018,0.5957242250442505,20.879189001347807,-3.497799159797495,6.876892693049735,0.0006493963301181793,0.43306276202201843,0.073541998692907,1.9431114196777344e-05,0.048218198120594025,0.04843466356396675,0.09668565541505814,0.089420385658741,-35.0,2,malecns,left
0.9000000000000002,4.210613423958421,1.667799900751561,0.6124714612960815,20.620951870286437,-2.8236956590938007,6.963436192495548,0.0006493963301181793,0.43306276202201843,0.07595463811605263,2.1636486053466797e-05,0.048218198120594025,0.04843466356396675,0.09668565541505814,0.089420385658741,-35.0,2,malecns,left
0.9500000000000003,4.440238649025559,1.8565035569481552,0.5577572584152222,20.32383973760567,-5.936694747587637,7.065749353155381,-0.020255886018276215,0.4397668242454529,0.0788285555882519,2.5272369384765625e-05,0.0654044821858406,0.058652520179748535,0.12927491962909698,0.10226629674434662,-35.0,2,malecns,left
1.0000000000000002,4.671581918373704,2.046201180201024,0.634203314781189,20.02476426615595,-1.5348876299103722,7.171828768859695,0.023104000836610794,0.4418365955352783,0.08183129465685693,3.0040740966796875e-05,0.06085221841931343,0.06855355203151703,0.11345382779836655,0.12157298624515533,-35.0,2,malecns,left
1.0500000000000003,5.021738702431321,2.16073865769431,0.579666018486023,19.678435811439655,-5.0222793741444605,7.298729726296522,0.0006493963301181793,0.43306276202201843,0.08545165714711354,3.260374069213867e-05,0.048218198120594025,0.04843466356396675,0.09668565541505814,0.089420385658741,-35.0,2,malecns,left
1.1000000000000003,5.195489579811692,2.4555096137337387,0.6221281290054321,19.35992565156873,-2.2223817841149582,7.419478831241723,0.023104000836610794,0.4418365955352783,0.08892244386107194,3.7610530853271484e-05,0.06085221841931343,0.06855355203151703,0.11345382779836655,0.12157298624515533,-35.0,2,malecns,left
1.1500000000000004,5.458265954628587,2.543178271036595,0.6410194635391235,19.09888951520612,-1.4162680860289356,7.521467883773014,0.023104000836610794,0.4418365955352783,0.09187179656279307,4.297494888305664e-05,0.06085221841931343,0.06855355203151703,0.11345382779836655,0.12157298624515533,-35.0,2,malecns,left
1.2000000000000004,5.682328397408128,2.7357847201637924,0.5766028165817261,18.80371626507377,-5.067191473046279,7.640236163778945,0.0006493963301181793,0.43306276202201843,0.09532487036802942,4.565715789794922e-05,0.048218198120594025,0.04843466356396675,0.09668565541505814,0.089420385658741,-35.0,2,malecns,left
1.2500000000000004,5.930952245369554,2.940727661829442,0.6441887617111206,18.481609406964708,-1.1704847910096703,7.774210109741647,0.023104000836610794,0.4418365955352783,0.09924128459945009,5.137920379638672e-05,0.06085221841931343,0.06855355203151703,0.11345382779836655,0.12157298624515533,-35.0,2,malecns,left
1.3000000000000005,6.278213674202561,3.0479874121956527,0.5852705240249634,18.142572254838594,-4.956005117879016,7.920413533270132,-0.020255886018276215,0.4397668242454529,0.10353748770004913,5.614757537841797e-05,0.0654044821858406,0.058652520179748535,0.12927491962909698,0.10226629674434662,-35.0,2,malecns,left
1.3500000000000005,6.461607152596116,3.328077982645482,0.6246117353439331,17.82501554478335,-2.364108937487316,8.062447876815114,0.023104000836610794,0.4418365955352783,0.10773002574511562,6.23464584350586e-05,0.06085221841931343,0.06855355203151703,0.11345382779836655,0.12157298624515533,-35.0,2,malecns,left
1.4000000000000006,6.727840596809983,3.4217752921395004,0.6375073194503784,17.55800906756346,-1.9214939157571962,8.185889002869883,0.023104000836610794,0.4418365955352783,0.11138627837519387,6.872415542602539e-05,0.06085221841931343,0.06855355203151703,0.11345382779836655,0.12157298624515533,-35.0,2,malecns,left
1.4500000000000006,6.951918298378587,3.61549563286826,0.5747941732406616,17.26206584882324,-5.473587179189536,8.327216957426865,-0.020255886018276215,0.4397668242454529,0.1155839433089245,7.414817810058594e-05,0.0654044821858406,0.058652520179748535,0.12927491962909698,0.10226629674434662,-35.0,2,malecns,left
1.5000000000000007,7.204514676705003,3.8176121222786605,0.6447135210037231,16.93856339667039,-1.4625687685581283,8.48741726552223,0.023104000836610794,0.4418365955352783,0.12035369361854874,8.106231689453125e-05,0.06085221841931343,0.06855355203151703,0.11345382779836655,0.12157298624515533,-35.0,2,malecns,left
0.05,0.0,0.0,0.0,25.0,35.0,5.739170477266787,-0.22919654846191406,0.4000000059604645,0.04393693362340741,3.784894943237305e-05,0.07639884948730469,0.0,0.018953677266836166,0.018347371369600296,35.0,0,rewired,right
0.1,0.11821524240076542,0.08203939674422145,0.07237815856933594,24.950584876380468,39.45699337379915,5.750575299957352,-0.3835844546556473,0.4885389506816864,0.04420916716202272,7.253885269165039e-05,0.12786148488521576,0.0,0.018765680491924286,0.03476101532578468,35.0,0,rewired,right
0.15000000000000002,0.2619213107973337,-0.13870470644906163,0.12021315097808838,24.705915998966884,41.972612726791624,5.807719566333796,-0.16068535298109055,0.459301620721817,0.04558213115610962,0.00010699033737182617,0.05356178432703018,0.0,0.021295368671417236,0.03561720997095108,35.0,0,rewired,right
0.2,0.5095907989889383,-0.06472093658521771,0.2631872892379761,24.546611459358736,50.63803176878187,5.84554185748805,-0.09528492763638496,0.41210290789604187,0.046498908842360395,0.00014775991439819336,0.031761642545461655,0.0,0.032854482531547546,0.028144078329205513,35.0,0,rewired,right
0.25,0.8162184897810221,0.08569860784336925,0.27264976501464844,24.38649092744319,51.88666332600468,5.884058460329287,-0.0952846147119999,0.41210290789604187,0.047438963844021714,0.00018930435180664062,0.0317615382373333,0.0,0.03285446763038635,0.028144046664237976,35.0,0,rewired,right
0.3,1.0665858332067728,0.30642471788451076,0.380672812461853,24.317372453618034,58.844218422788856,5.900842309419416,0.0,0.4000000059604645,0.04785060312342799,0.00022429227828979492,0.0,0.0,0.01729162596166134,0.03447949141263962,35.0,0,rewired,right
0.35,1.314323479309678,0.3226434397511184,0.3840460777282715,24.129920026183807,59.42252572665947,5.946847470978696,0.0,0.4000000059604645,0.04898505618154375,0.00026029348373413086,0.0,0.0,0.01729162596166134,0.03447948396205902,35.0,0,rewired,right
0.39999999999999997,1.5364770237356424,0.48035056469962,0.3703584671020508,24.050716659065483,59.258265751826315,5.966502497950648,0.0,0.4000000059604645,0.049472437514195604,0.00029659271240234375,0.0,0.0,0.01729162596166134,0.03447948023676872,35.0,0,rewired,right
0.44999999999999996,1.78962760604918,0.5663745510391891,0.43484556674957275,23.905389482940603,63.489367904440996,6.002907337288891,0.09024261496961117,0.4000000059604645,0.050379361321175486,0.00033795833587646484,0.0,0.030080871656537056,0.03134891763329506,0.029495226219296455,35.0,0,rewired,right
0.49999999999999994,2.0917798820883036,0.6340836393646896,0.35399699211120605,23.712614544094947,59.44022704913422,6.051890349875686,0.0,0.4000000059604645,0.05160809091997494,0.0003758072853088379,0.0,0.0,0.01729162596166134,0.03447946906089783,35.0,0,rewired,right
0.5499999999999999,2.3295232597738504,0.8397883283905685,0.39396440982818604,23.660185457125568,62.48001730461698,6.065351120790463,0.08660168386995792,0.4000000059604645,0.05194742226839279,0.00040453672409057617,0.0,0.02886722795665264,0.012547274120151997,0.02855679951608181,35.0,0,rewired,right
0.6,2.6322018448263407,0.8305465686134994,0.3466900587081909,23.42282466096801,60.229062539745286,6.1270499823893,0.0,0.4000000059604645,0.05351180032275412,0.0004436969757080078,0.0,0.0,0.01729162596166134,0.03447945415973663,35.0,0,rewired,right
0.65,2.834033900871873,0.9432950126938522,0.3076472282409668,23.343069850568536,58.52378783587707,6.148064469687197,0.0,0.4000000059604645,0.054047946332291104,0.0004832744598388672,0.0,0.0,0.01729162596166134,0.034479446709156036,35.0,0,rewired,right
0.7000000000000001,3.1019324604421854,1.0173277365975082,0.36265742778778076,23.19019158588064,62.24725285313468,6.188752606552723,0.08660157211124897,0.4000000059604645,0.055090722744908296,0.0005137324333190918,0.0,0.028867190703749657,0.012547271326184273,0.02855679951608181,35.0,0,rewired,right
0.7500000000000001,3.3957368675619364,1.0458136308006942,0.2838573455810547,22.98991557073765,58.27042944093557,6.2428791867084055,0.0,0.4000000059604645,0.05648729991612367,0.0005550384521484375,0.0,0.0,0.017291627824306488,0.03447943553328514,35.0,0,rewired,right
0.8000000000000002,3.647742921486497,1.2445287215523422,0.3264162540435791,22.937822347673528,61.49899098469132,6.257113722470189,0.0,0.4000000059604645,0.056856325785719676,0.0005965828895568848,0.0,0.0,0.017291627824306488,0.034479428082704544,35.0,0,rewired,right
0.8500000000000002,3.9404668156057596,1.2242058026604354,0.3007243871688843,22.709968434188767,60.49108996686181,6.320147249581248,0.0,0.4000000059604645,0.05849897453152574,0.0006392598152160645,0.0,0.0,0.017291627824306488,0.03447942063212395,35.0,0,rewired,right
0.9000000000000002,4.159269506111741,1.3320285785011947,0.26748597621917725,22.62567407356349,59.16524430055932,6.343790141858373,0.0,0.4000000059604645,0.05911862507082444,0.0006824731826782227,0.0,0.0,0.017291627824306488,0.03447941690683365,35.0,0,rewired,right
0.9500000000000003,4.429467851296067,1.3928175675682724,0.329670786857605,22.47407641688001,63.31708738799159,6.386759349322216,0.09024216793477535,0.4000000059604645,0.06024958756011931,0.0007317662239074707,0.0,0.030080722644925117,0.03134891018271446,0.029495226219296455,35.0,0,rewired,right
1.0000000000000002,4.736188108101487,1.406239818315953,0.24962449073791504,22.265564912207868,59.307957206599184,6.446822268185762,0.0,0.4000000059604645,0.06184057268291659,0.0007769465446472168,0.0,0.0,0.017291627824306488,0.034479398280382156,35.0,0,rewired,right
1.0500000000000003,4.994903737679124,1.5918640601448715,0.2912118434906006,22.216133774489045,62.501092915678726,6.461227564769549,0.09024183265864849,0.4000000059604645,0.062223861847791204,0.0008279085159301758,0.0,0.030080610886216164,0.03134891390800476,0.029495220631361008,35.0,0,rewired,right
1.1000000000000003,5.307568246498704,1.5477187144570053,0.23214268684387207,21.967412095642665,59.621232881004374,6.534700585112924,0.0,0.4000000059604645,0.0641888016932083,0.000874638557434082,0.0,0.0,0.017291627824306488,0.03447939082980156,35.0,0,rewired,right
1.1500000000000004,5.530306989327073,1.6425120341591537,0.19514966011047363,21.883311845941982,58.09487277900851,6.559924338531607,0.0,0.4000000059604645,0.06486714779461052,0.0009218454360961914,0.0,0.0,0.017291627824306488,0.034479379653930664,35.0,0,rewired,right
1.2000000000000004,5.802194768562913,1.6822573649697006,0.2490462064743042,21.727784698261452,61.77813823194916,6.607088668172507,0.0,0.4000000059604645,0.06614056114378421,0.0009701251983642578,0.0,0.0,0.017291627824306488,0.034479375928640366,35.0,0,rewired,right
1.2500000000000004,6.105310613289475,1.6774578797630966,0.18740379810333252,21.520625334049466,58.8327382470988,6.670976622534919,0.0,0.4000000059604645,0.06787563354629636,0.0010195374488830566,0.0,0.0,0.017291627824306488,0.03447936102747917,35.0,0,rewired,right
1.3000000000000005,6.3774124924093485,1.8653103816322982,0.23898541927337646,21.481204644196833,62.66298435702495,6.683274470880677,0.09024144150316715,0.4000000059604645,0.06821092198653876,0.0010752081871032715,0.0,0.030080480501055717,0.03134891390800476,0.029495220631361008,35.0,0,rewired,right
1.3500000000000005,6.674663716927171,1.8017727839760482,0.19065356254577637,21.238926999577508,60.386178661712535,6.759865899955373,0.0,0.4000000059604645,0.07030826813302682,0.0011262893676757812,0.0,0.0,0.01729162596166134,0.034479353576898575,35.0,0,rewired,right
1.4000000000000006,6.893298322334886,1.8895086753182113,0.14893746376037598,21.164680880779965,58.60021780909872,6.783690876721862,0.0,0.4000000059604645,0.07096381994229471,0.0011779069900512695,0.0,0.0,0.01729162596166134,0.03447934240102768,35.0,0,rewired,right
1.4500000000000006,7.175006086006761,1.9175707804970443,0.2054048776626587,21.006675501181753,62.47387769711807,6.834958094403133,0.0,0.4000000059604645,0.07237933578617839,0.001248002052307129,0.0,0.0,0.03425554931163788,0.035305798053741455,35.0,0,rewired,right
1.5000000000000007,7.462486440315843,1.9085514056496322,0.14396119117736816,20.81875901390353,59.54999616335573,6.896950876146748,0.0,0.4000000059604645,0.07409961986368871,0.0013019442558288574,0.0,0.0,0.01729162596166134,0.034479327499866486,35.0,0,rewired,right
0.05,0.0,0.0,0.0,25.0,-35.0,5.739170477266787,-0.2852526605129242,0.4000000059604645,0.04393693362340741,4.678964614868164e-05,0.14563976228237152,0.05055553838610649,0.053264323621988297,0.025942837819457054,-35.0,0,rewired,left
0.1,0.17175624705851078,0.1079385313205421,0.0721893310546875,24.797396576719255,-30.887186309861534,5.786220918164694,0.15543392300605774,0.4000000059604645,0.045063865047033046,9.85264778137207e-05,0.10574668645858765,0.15755799412727356,0.05610441416501999,0.034618500620126724,-35.0,0,rewired,left
0.15000000000000002,0.4699792508035898,0.08617728529497981,0.09028756618499756,24.56639209993061,-30.290978627891462,5.840818700009191,0.1554332971572876,0.4000000059604645,0.04638407858901171,0.0001519322395324707,0.10574668645858765,0.15755778551101685,0.056104402989149094,0.03461846709251404,-35.0,0,rewired,left
0.2,0.6498752180486917,0.2058035838417709,0.09619510173797607,24.35046525087102,-29.968833951352906,5.892794524326664,0.15543267130851746,0.4000000059604645,0.04765307316782036,0.0002065896987915039,0.10574668645858765,0.15755757689476013,0.056104399263858795,0.03461844101548195,-35.0,0,rewired,left
0.25,0.9532985631376505,0.08837277768179774,0.026423335075378418,24.173070500312093,-34.61056183570736,5.936193787171791,-0.28525306284427643,0.4000000059604645,0.04872155141768189,0.0002582073211669922,0.14563976228237152,0.05055541172623634,0.05326424911618233,0.02594277448952198,-35.0,0,rewired,left
0.3,1.188380653038621,0.19882510183379054,0.04847836494445801,23.91812050021456,-33.46517759269278,5.999700406664058,-0.2852545604109764,0.4000000059604645,0.05029925251484014,0.0003116130828857422,0.14563976228237152,0.05055490881204605,0.053264226764440536,0.025942765176296234,-35.0,0,rewired,left
0.35,1.339795047417283,0.19042035518214107,0.18980300426483154,23.801165657232865,-25.599683110317756,6.029290940003145,0.32116466760635376,0.8849368691444397,0.051039996569677996,0.00037926435470581055,0.06177471578121185,0.16882960498332977,0.05947736278176308,0.033177684992551804,-35.0,0,rewired,left
0.39999999999999997,1.7822181526571512,0.2870681989006698,0.09071266651153564,23.388684225770803,-31.73105283906918,6.136027954230338,0.15543101727962494,0.4000000059604645,0.0537406528145618,0.00044083595275878906,0.10574668645858765,0.15755702555179596,0.056104373186826706,0.03461838141083717,-35.0,0,rewired,left
0.44999999999999996,2.2396954838186502,0.44837070582434535,0.13271105289459229,22.92653423136146,-29.68938838404523,6.260206792260899,0.1554303914308548,0.4000000059604645,0.05693660751406105,0.0005060434341430664,0.10574668645858765,0.15755681693553925,0.05610436946153641,0.03461834788322449,-35.0,0,rewired,left
0.49999999999999994,2.6301023308187723,0.28580529568716884,0.01645040512084961,22.71739154786755,-37.273445535532375,6.318073671228993,-0.2629687339067459,0.42500039935112,0.058444719139659845,0.0005614161491394043,0.13128282129764557,0.0436265766620636,0.03505103662610054,0.02574511244893074,-35.0,0,rewired,left
0.5499999999999999,2.872607881203294,0.3898630547337234,0.04397428035736084,22.462589459904773,-35.870566473436554,6.390039026786158,-0.28525717556476593,0.4000000059604645,0.060336160251303776,0.0006252527236938477,0.14563976228237152,0.05055403336882591,0.05326412245631218,0.02594270557165146,-35.0,0,rewired,left
0.6,3.05380099453032,0.396883528213948,0.17398059368133545,22.31646698483273,-28.696521279946438,6.432055426713195,0.15542878210544586,0.4000000059604645,0.06144834516554838,0.0006954669952392578,0.10574668645858765,0.15755628049373627,0.056104328483343124,0.034618303179740906,-35.0,0,rewired,left
0.65,3.3613435570150614,0.44415299175307155,0.12245297431945801,22.047347812465443,-32.05225291537516,6.510905420460481,0.15542788803577423,0.4000000059604645,0.06355062309736344,0.0007680654525756836,0.10574668645858765,0.1575559824705124,0.056104328483343124,0.03461827337741852,-35.0,0,rewired,left
0.7000000000000001,3.6536266151815653,0.5714964377693832,0.15718364715576172,21.74033039235282,-30.287246508496594,6.603258939238265,0.15542717278003693,0.4000000059604645,0.06603692002474273,0.0008434653282165527,0.10574668645858765,0.1575557440519333,0.056104324758052826,0.03461823612451553,-35.0,0,rewired,left
0.7500000000000001,4.017961198464036,0.4637534129433334,0.05130624771118164,21.528890390438434,-37.18956726410465,6.6684039700528555,-0.2629711925983429,0.42500048875808716,0.06780554526541796,0.0009075403213500977,0.13128364086151123,0.0436265766620636,0.03505176678299904,0.025746025145053864,-35.0,0,rewired,left
0.8000000000000002,4.2655326668173075,0.5576846110634506,0.07641422748565674,21.27923995977721,-35.98724320106814,6.7469999297714445,-0.2852602154016495,0.4000000059604645,0.06995486749309493,0.0009813904762268066,0.14563976228237152,0.05055302381515503,0.05326399952173233,0.0259426087141037,-35.0,0,rewired,left
0.8500000000000002,4.435901815071702,0.5675215828232467,0.20644640922546387,21.143309894727025,-28.81565001095339,6.790579885257837,0.1554255187511444,0.4000000059604645,0.0711536442259475,0.0010623931884765625,0.10574668645858765,0.15755519270896912,0.05610428377985954,0.03461818769574165,-35.0,0,rewired,left
0.9000000000000002,4.7543727699667215,0.6349111306481063,0.16684246063232422,20.858354697872898,-31.51414941171194,6.883794881960326,0.15542462468147278,0.4000000059604645,0.07373377284193378,0.0011463761329650879,0.10574668645858765,0.15755489468574524,0.056104280054569244,0.03461815044283867,-35.0,0,rewired,left
0.9500000000000003,5.029588395729661,0.7583921062760055,0.1970982551574707,20.569935467056897,-30.025001356800402,6.980792375909885,0.15542355179786682,0.4000000059604645,0.07644055237486048,0.0012333393096923828,0.10574668645858765,0.1575545370578766,0.05610426887869835,0.03461810573935509,-35.0,0,rewired,left
1.0000000000000002,5.378612691536546,0.6649955022148788,0.09136676788330078,20.371679530674093,-36.92840106841757,7.049072186029218,0.09826536476612091,0.4000000059604645,0.07835856951768258,0.0013293623924255371,0.14358462393283844,0.1763397455215454,0.05619772896170616,0.03654772415757179,-35.0,0,rewired,left
1.0500000000000003,5.567415887489915,0.735383044462651,0.03270065784454346,20.184622446415638,-40.50136640964121,7.11473437046877,-0.5904470533132553,0.4540216326713562,0.08021234840682415,0.0014370083808898926,0.19681568443775177,0.0,0.050287194550037384,0.04002274572849274,-35.0,0,rewired,left
1.1000000000000003,5.8959342781454325,0.7733413088135421,0.16542530059814453,19.9172851901481,-33.45308701421703,7.210734966734963,-0.2850350886583328,0.4000000059604645,0.08293810694889775,0.0015239119529724121,0.14563976228237152,0.050628066062927246,0.053260788321495056,0.02593248523771763,-35.0,0,rewired,left
1.1500000000000004,6.162924462929368,0.8661428797058761,0.19276344776153564,19.65892355847213,-32.21870601179134,7.306013502557274,0.038325235247612,0.4000000059604645,0.08566033081835066,0.001635730266571045,0.07980421185493469,0.09257929027080536,0.061104144901037216,0.03610799461603165,-35.0,0,rewired,left
1.2000000000000004,6.412804776802659,1.0374556290917099,0.32764673233032227,19.35960399982845,-24.62809332502573,7.419602796494503,0.3211589902639389,0.8849368691444397,0.08892601919029937,0.0017528533935546875,0.06177660450339317,0.16882960498332977,0.059477780014276505,0.03317306935787201,-35.0,0,rewired,left
1.2500000000000004,6.928656751289964,1.0076976525597274,0.1957002878189087,19.008971313899373,-33.32164737944589,7.557253981531945,-0.2850400283932686,0.4000000059604645,0.09291023990243046,0.001849830150604248,0.14563976228237152,0.050626419484615326,0.053260717540979385,0.025932522490620613,-35.0,0,rewired,left
1.3000000000000005,7.336877519264817,1.2850762116722763,0.2750164270401001,18.5236554161372,-29.05114798792127,7.756455059994798,0.3284992128610611,0.8849368691444397,0.09872106537302547,0.0019936561584472656,0.05355028435587883,0.16305002570152283,0.06384841352701187,0.03464965522289276,-35.0,0,rewired,left
1.3500000000000005,7.789915258064866,1.3203550088219345,0.2795853614807129,18.17975909133957,-29.716754600718616,7.90410859463112,0.15541742742061615,0.4000000059604645,0.103057325593136,0.002110123634338379,0.10574668645858765,0.15755249559879303,0.056104157119989395,0.034617893397808075,-35.0,0,rewired,left
1.4000000000000006,8.117806131020188,1.4233092772774398,0.13411164283752441,17.87791593438562,-38.57403097238074,8.038433250320887,-0.26297861337661743,0.4250011742115021,0.1070200058112692,0.002210676670074463,0.1312861144542694,0.0436265766620636,0.03505537286400795,0.02574928291141987,-35.0,0,rewired,left
1.4500000000000006,8.495052987709641,1.6041678893379867,0.23527038097381592,17.487041881236845,-33.26134255646008,8.219338874112237,0.038325235247612,0.4000000059604645,0.11237877036089149,0.0023563504219055176,0.07980421185493469,0.09257929027080536,0.0611041821539402,0.036107804626226425,-35.0,0,rewired,left
1.5000000000000007,8.831468278542161,1.564516972284764,0.19956111907958984,17.287517956916563,-36.20942832259814,8.314870079056533,0.09824949502944946,0.4000000059604645,0.11521679578365157,0.0024964213371276855,0.14358462393283844,0.1763344556093216,0.05619760975241661,0.03654736280441284,-35.0,0,rewired,left
0.05,0.0,0.0,0.0,25.0,35.0,5.739170477266787,-0.22919654846191406,0.4000000059604645,0.04393693362340741,3.784894943237305e-05,0.07639884948730469,0.0,0.018953677266836166,0.018347371369600296,35.0,1,rewired,right
0.1,0.09636835940182209,-0.12832260550931096,0.044104576110839844,24.847506826294946,37.41207756196371,5.774512069283922,-0.3835844546556473,0.4885389506816864,0.04478247705292215,7.295608520507812e-05,0.12786148488521576,0.0,0.018765680491924286,0.03476101532578468,35.0,1,rewired,right
0.15000000000000002,0.16595899499952793,-0.08935220213606954,0.0328061580657959,24.812813782779273,36.93044843169025,5.782613444053924,-0.25712911784648895,0.4376659393310547,0.04497710381321236,0.00010102987289428711,0.10549769550561905,0.0197879858314991,0.015867991372942924,0.015719687566161156,35.0,1,rewired,right
0.2,0.5726368967443705,-0.19524453999474645,0.1849879026412964,24.41951710911538,45.9944203066303,5.876072526876402,-0.20379050821065903,0.46129658818244934,0.04724352655102539,0.00013637542724609375,0.06793016940355301,0.0,0.025815578177571297,0.04066425561904907,35.0,1,rewired,right
0.25,0.8166732136160135,-0.054693248588591814,0.22267377376556396,24.3033419910905,48.75701923451999,5.904261006614917,-0.20379050821065903,0.46129658818244934,0.047934597518667355,0.00017249584197998047,0.06793016940355301,0.0,0.025815576314926147,0.04066425561904907,35.0,1,rewired,right
0.3,1.2530093733221292,0.012698938604444265,0.3506009578704834,23.99195958788442,56.8294022927177,5.981167897202547,0.14001820608973503,0.4000000059604645,0.04983713209042282,0.00021535158157348633,0.0,0.04667273536324501,0.02792988158762455,0.03420671448111534,35.0,1,rewired,right
0.35,1.5651715341955423,0.1655867057852447,0.37713170051574707,23.835275106954366,59.09291101674637,6.0206308074977395,0.0,0.4000000059604645,0.05082284156391128,0.00025272369384765625,0.0,0.0,0.01729162596166134,0.03447949141263962,35.0,1,rewired,right
0.39999999999999997,1.836488539353013,0.3133746492676437,0.35095059871673584,23.711599323711738,58.275197946884674,6.052150431671858,0.0,0.4000000059604645,0.05161464053377755,0.0002905726432800293,0.0,0.0,0.01729162596166134,0.03447948023676872,35.0,1,rewired,right
0.44999999999999996,2.181189948692918,0.32806266425177455,0.3369799852371216,23.450743167846575,58.02340067819762,6.119727743024164,0.0,0.4000000059604645,0.05332537960303714,0.0003247261047363281,0.0,0.0,0.01844695210456848,0.030625686049461365,35.0,1,rewired,right
0.49999999999999994,2.411609822884202,0.4996011364273727,0.34179604053497314,23.37989904560428,58.980542570639585,6.138342475060103,0.0,0.4000000059604645,0.053799700394760085,0.0003641843795776367,0.0,0.0,0.01729162596166134,0.034479476511478424,35.0,1,rewired,right
0.5499999999999999,2.6754490677267313,0.5387026774697006,0.36456215381622314,23.201672520047627,60.7730971233502,6.185678256015249,0.0,0.4000000059604645,0.05501171782897708,0.0004044175148010254,0.0,0.0,0.01729162596166134,0.03447946533560753,35.0,1,rewired,right
0.6,2.9330078903585672,0.6460027801804245,0.30950629711151123,23.074173507152885,58.23319797454917,6.219992467271859,0.0,0.4000000059604645,0.05589548404529127,0.00044536590576171875,0.0,0.0,0.01729162596166134,0.03447946161031723,35.0,1,rewired,right
0.65,3.1958445850759745,0.8059033858589828,0.3690602779388428,22.980015910128646,62.374166827111424,6.245579284282217,0.09024236910045147,0.4000000059604645,0.05655724382074166,0.0004918575286865234,0.0,0.03008078970015049,0.03134892135858536,0.029495224356651306,35.0,1,rewired,right
0.7000000000000001,3.5325316730886698,0.7889884221367538,0.31125783920288086,22.716613172960056,59.58992419771809,6.31829103909149,0.0,0.4000000059604645,0.05845040590416427,0.0005345940589904785,0.0,0.0,0.01729162596166134,0.034479446709156036,35.0,1,rewired,right
0.7500000000000001,3.736762458458543,0.9394784676842391,0.29845190048217773,22.665840348306016,59.48380759195132,6.332502231848665,0.0,0.4000000059604645,0.05882254709749409,0.0005775690078735352,0.0,0.0,0.01729162409901619,0.03447944298386574,35.0,1,rewired,right
0.8000000000000002,4.012816125527024,0.9700017678551376,0.3243752717971802,22.483477887571027,61.500781989167535,6.3840776150832745,0.0,0.4000000059604645,0.06017882480643639,0.0006216764450073242,0.0,0.0,0.017291627824306488,0.03447943925857544,35.0,1,rewired,right
0.8500000000000002,4.260027581825852,1.060225676279515,0.2627493143081665,22.36509382095158,58.57039916584722,6.4180118140161575,0.0,0.4000000059604645,0.061075973190202464,0.0006661415100097656,0.0,0.0,0.017291627824306488,0.034479428082704544,35.0,1,rewired,right
0.9000000000000002,4.51945417560637,1.202632378321141,0.3385058641433716,22.276801027565973,63.635995958527616,6.4435567968841765,0.09024197235703468,0.4000000059604645,0.06175377767354622,0.0007169246673583984,0.0,0.030080657452344894,0.03134891763329506,0.029495222494006157,35.0,1,rewired,right
0.9500000000000003,4.859987432137132,1.1809622752480209,0.2741152048110962,22.018840214427325,60.52451546110916,6.519371576776838,0.0,0.4000000059604645,0.06377748651779228,0.0007634758949279785,0.0,0.0,0.017291627824306488,0.03447941318154335,35.0,1,rewired,right
1.0000000000000002,5.074601346626878,1.3332648980431259,0.2726043462753296,21.97548946462998,61.11404982428451,6.5322882100523785,0.0,0.4000000059604645,0.06412402482086381,0.0008102059364318848,0.0,0.0,0.017291627824306488,0.034479402005672455,35.0,1,rewired,right
1.0500000000000003,5.341586763039231,1.3494276511482894,0.29330432415008545,21.800800752751933,62.83028357050199,6.584861848161381,0.09024174883961678,0.4000000059604645,0.06553964225858579,0.0008639097213745117,0.0,0.030080582946538925,0.03134891763329506,0.029495220631361008,35.0,1,rewired,right
1.1000000000000003,5.582050019875169,1.410883020143956,0.21376574039459229,21.679136325182096,58.84319211958223,6.6219813890610215,0.0,0.4000000059604645,0.06654399037333436,0.0009124875068664551,0.0,0.0,0.017291627824306488,0.03447939082980156,35.0,1,rewired,right
1.1500000000000004,5.860880071297288,1.5160142886452377,0.2593216896057129,21.565670024454075,62.18350753992675,6.656979700567042,0.0,0.4000000059604645,0.06749452786498665,0.0009780526161193848,0.0,0.0,0.034255556762218475,0.03530588001012802,35.0,1,rewired,right
1.2000000000000004,6.2126857582479715,1.4687799918465316,0.20398187637329102,21.293683258206926,59.62260056038701,6.7424022556588845,0.0,0.4000000059604645,0.06982868405545833,0.0010288357734680176,0.0,0.0,0.017291627824306488,0.034479375928640366,35.0,1,rewired,right
1.2500000000000004,6.436267549172044,1.6223270404152572,0.21595776081085205,21.259582006419947,61.03337082467192,6.753267670752855,0.0,0.4000000059604645,0.07012697505192982,0.0010800361633300781,0.0,0.0,0.017291627824306488,0.03447937220335007,35.0,1,rewired,right
1.3000000000000005,6.703175717964768,1.6220587003044784,0.24450016021728516,21.08403108864218,63.212829611322604,6.809762219745825,0.09024116210639477,0.4000000059604645,0.07168284032145078,0.0011383891105651855,0.0,0.030080387368798256,0.03134891763329506,0.02949521690607071,35.0,1,rewired,right
1.3500000000000005,6.94991653598845,1.6874535786919296,0.16473066806793213,20.97358107337663,59.269390578308446,6.845794619541196,0.0,0.4000000059604645,0.07267937504786906,0.0011913776397705078,0.0,0.0,0.01729162596166134,0.034479353576898575,35.0,1,rewired,right
1.4000000000000006,7.233406716957688,1.7877616393379867,0.21659457683563232,20.869263689703228,63.01338027026469,6.880179114648324,0.09024086035788059,0.4000000059604645,0.07363329622297266,0.0012513995170593262,0.0,0.030080286785960197,0.03134892135858536,0.02949521690607071,35.0,1,rewired,right
1.4500000000000006,7.593149835243821,1.720915864687413,0.1475982666015625,20.590631480688867,59.71570667339654,6.973740982991116,0.0,0.4000000059604645,0.07624305610734919,0.0013067126274108887,0.0,0.0,0.01729162596166134,0.03447934240102768,35.0,1,rewired,right
1.5000000000000007,7.810762578621507,1.8459822642616928,0.14028191566467285,20.55349489327782,59.98786488707714,6.986404083670239,0.0,0.4000000059604645,0.07659780471956908,0.0013622641563415527,0.0,0.0,0.01729162596166134,0.034479331225156784,35.0,1,rewired,right
0.05,0.0,0.0,0.0,25.0,-35.0,5.739170477266787,-0.2852526605129242,0.4000000059604645,0.04393693362340741,4.678964614868164e-05,0.14563976228237152,0.05055553838610649,0.053264323621988297,0.025942837819457054,-35.0,1,rewired,left
0.1,0.10552495904266834,-0.1348353517241776,0.048520445823669434,24.99148226535782,-32.61197091546896,5.7411331047388945,-0.1030285656452179,0.4000000059604645,0.04398373892888344,8.475780487060547e-05,0.17801274359226227,0.14366988837718964,0.0448521226644516,0.024344144389033318,-35.0,1,rewired,left
0.15000000000000002,0.19130500592291355,-0.015022359788417816,0.033437371253967285,24.85220820212989,-33.36552459336991,5.773415972762642,-0.28525368869304657,0.4000000059604645,0.04475616737747816,0.0001322031021118164,0.14563976228237152,0.05055520310997963,0.05326428636908531,0.025942808017134666,-35.0,1,rewired,left
0.2,0.5347789470106363,-0.065618094522506,0.13371074199676514,24.60221291902395,-28.17850428409585,5.832284951816912,0.21680684387683868,0.4000000059604645,0.04617685341021579,0.00017726421356201172,0.07574695348739624,0.14801590144634247,0.0485004223883152,0.033577218651771545,-35.0,1,rewired,left
0.25,0.7250735107809305,0.04377955524250865,0.0952216386795044,24.38390513741886,-30.437192407291832,5.884684638251024,0.15543325245380402,0.4000000059604645,0.047454299722282316,0.00023174285888671875,0.10574668645858765,0.15755777060985565,0.0561043918132782,0.03461846709251404,-35.0,1,rewired,left
0.3,1.0446061436086893,0.047546792309731245,0.014493227005004883,24.123542729196764,-35.50028068356187,5.948425250920902,-0.28525449335575104,0.4000000059604645,0.049024120781284285,0.00028383731842041016,0.14563976228237152,0.05055492743849754,0.05326424911618233,0.025942785665392876,-35.0,1,rewired,left
0.35,1.2944745365530252,0.011287718545645475,0.056995511054992676,23.944383477646777,-33.48920456658149,5.993095621811468,-0.2852560579776764,0.4000000059604645,0.05013439724557899,0.00033676624298095703,0.14563976228237152,0.050554413348436356,0.05326421931385994,0.02594277635216713,-35.0,1,rewired,left
0.39999999999999997,1.4468646589666605,0.05372975720092654,0.1155250072479248,23.796959699402947,-30.273393814713103,6.030360529980988,0.15543213486671448,0.4000000059604645,0.051066837633985174,0.000395357608795166,0.10574668645858765,0.1575573980808258,0.05610436573624611,0.03461843729019165,-35.0,1,rewired,left
0.44999999999999996,1.8261715713888407,0.09275494096800685,0.13711118698120117,23.470999017217466,-29.516267215882436,6.1144261699151405,0.1554313749074936,0.4000000059604645,0.05319053153435378,0.00045627355575561523,0.10574668645858765,0.1575571447610855,0.05610435828566551,0.034618403762578964,-35.0,1,rewired,left
0.49999999999999994,2.086161071434617,0.24625835893675685,0.11374449729919434,23.171235536310885,-30.943653253935395,6.193835341311427,0.1554306596517563,0.4000000059604645,0.05522141533110453,0.0005195140838623047,0.10574668645858765,0.1575569063425064,0.05610433965921402,0.03461837396025658,-35.0,1,rewired,left
0.5499999999999999,2.4012939278036356,0.1867596167139709,0.0737229585647583,22.958523567876327,-33.832927396874766,6.251449308275368,-0.2852564603090286,0.4000000059604645,0.0567093915600668,0.000579535961151123,0.14563976228237152,0.050554271787405014,0.053264133632183075,0.02594270557165146,-35.0,1,rewired,left
0.6,2.7018477264791727,0.23205191968008876,0.054418087005615234,22.694440930510552,-35.31673640244179,6.32448912789612,-0.2852582260966301,0.4000000059604645,0.05861262767297035,0.0006413459777832031,0.14563976228237152,0.050553686916828156,0.053264107555150986,0.025942694395780563,-35.0,1,rewired,left
0.65,2.863925153389573,0.2932432102970779,0.15855538845062256,22.52950691610447,-29.48443409286307,6.3709805125176615,0.155429407954216,0.4000000059604645,0.05983357238047398,0.0007097125053405762,0.10574668645858765,0.15755648910999298,0.05610431358218193,0.03461833298206329,-35.0,1,rewired,left
0.7000000000000001,3.1416737381368876,0.23705650446936488,0.14275527000427246,22.348431380225502,-30.94629806762407,6.422817063055062,0.1554284691810608,0.4000000059604645,0.0612033151062467,0.000779569149017334,0.10574668645858765,0.1575561761856079,0.05610430985689163,0.03461829945445061,-35.0,1,rewired,left
0.7500000000000001,3.412027293816209,0.4097864138893783,0.1460416316986084,22.029734609536234,-30.853197473129484,6.516133567196568,0.15542766451835632,0.4000000059604645,0.06369069348640669,0.0008522868156433105,0.10574668645858765,0.15755590796470642,0.05610429868102074,0.03461826592683792,-35.0,1,rewired,left
0.8000000000000002,3.704397374764085,0.3187416600994766,0.09370267391204834,21.86229143434831,-34.52136184802484,6.566259396616256,-0.28525880724191666,0.4000000059604645,0.06503781368131312,0.0009207725524902344,0.14563976228237152,0.050553493201732635,0.05326400697231293,0.025942616164684296,-35.0,1,rewired,left
0.8500000000000002,3.993323976173997,0.3744124579243362,0.07351839542388916,21.60537289589542,-36.05594659581982,6.644691385296831,-0.28526075184345245,0.4000000059604645,0.06716039186536221,0.0009916424751281738,0.14563976228237152,0.050552848726511,0.053263090550899506,0.02594260685145855,-35.0,1,rewired,left
0.9000000000000002,4.156916791573167,0.4522768366150558,0.20792269706726074,21.43026832197143,-28.479010621336016,6.699232245450395,0.1554262787103653,0.4000000059604645,0.06864660922145852,0.0010697245597839355,0.10574668645858765,0.1575554460287094,0.05610426142811775,0.03461822122335434,-35.0,1,rewired,left
0.9500000000000003,4.466224366798997,0.452010880690068,0.1834486722946167,21.195813110331734,-30.423635985271886,6.773680333108461,0.1554252952337265,0.4000000059604645,0.07068819884229875,0.0011501312255859375,0.10574668645858765,0.15755511820316315,0.056104253977537155,0.03461817651987076,-35.0,1,rewired,left
1.0000000000000002,4.734133893623948,0.6294200527481735,0.19222044944763184,20.87722191622746,-30.03496455604278,6.877543774753795,0.1554243117570877,0.4000000059604645,0.07356008383767328,0.0012337565422058105,0.10574668645858765,0.15755479037761688,0.05610424280166626,0.03461814671754837,-35.0,1,rewired,left
1.0500000000000003,5.033520871773362,0.5651447880081832,0.13860011100769043,20.69509818090658,-33.78571951523537,6.938364725486617,-0.28526148945093155,0.4000000059604645,0.07525392083331435,0.0013127326965332031,0.14563976228237152,0.050552599132061005,0.053262971341609955,0.025942519307136536,-35.0,1,rewired,left
1.1000000000000003,5.321396524086595,0.6371905314736068,0.11908125877380371,20.432761853579755,-35.29057529814207,7.027892989312609,-0.28503265231847763,0.4000000059604645,0.0777625573454736,0.0013940930366516113,0.14563976228237152,0.05062887817621231,0.05326079949736595,0.025932474061846733,-35.0,1,rewired,left
1.1500000000000004,5.496448690071702,0.71463270066306,0.24828243255615234,20.25106084065836,-28.05748592460722,7.091272683834731,0.3284992575645447,0.8849368691444397,0.07954895942248731,0.0015103816986083984,0.05355028435587883,0.16305004060268402,0.06384842842817307,0.03464975580573082,-35.0,1,rewired,left
1.2000000000000004,5.992972070351243,0.6763542401604354,0.15423214435577393,19.912768778232053,-34.48890993143863,7.212379124861042,-0.28503475338220596,0.4000000059604645,0.08298494300014983,0.0015971064567565918,0.14563976228237152,0.0506281778216362,0.05326075106859207,0.025932494550943375,-35.0,1,rewired,left
1.2500000000000004,6.399902516975999,0.9012310612015426,0.2563903331756592,19.462786622944563,-28.97605900421243,7.380047935103947,0.15542131662368774,0.4000000059604645,0.08778643160005092,0.0016966462135314941,0.10574668645858765,0.1575537919998169,0.05610416829586029,0.03461804240942001,-35.0,1,rewired,left
1.3000000000000005,6.670417482033372,0.8773805606178939,0.24282562732696533,19.28464983957937,-30.359459160058634,7.448604007201104,0.15542002022266388,0.4000000059604645,0.0897631064014389,0.0017981529235839844,0.10574668645858765,0.15755335986614227,0.0561041496694088,0.034617990255355835,-35.0,1,rewired,left
1.3500000000000005,6.900771791115403,0.938832591753453,0.14793705940246582,19.07716905989421,-36.146974990832234,7.530081127185948,0.09825955331325531,0.4000000059604645,0.09212157264395346,0.0019103288650512695,0.14358462393283844,0.1763378083705902,0.05619765818119049,0.03654750809073448,-35.0,1,rewired,left
1.4000000000000006,7.224022084847093,0.9891273486427963,0.15419352054595947,18.812741375674914,-36.37103656285666,7.636549018705872,0.09825718402862549,0.4000000059604645,0.09521739131780928,0.0020262598991394043,0.14358462393283844,0.17633701860904694,0.056197647005319595,0.03654748201370239,-35.0,1,rewired,left
1.4500000000000006,7.507166082039475,0.8951905476860702,0.057700276374816895,18.681819406689584,-42.71894217257454,7.690388428444784,-0.34925901889801025,0.4606952667236328,0.09678846782496972,0.002136409282684326,0.11641967296600342,0.0,0.04292086139321327,0.04028308019042015,-35.0,1,rewired,left
1.5000000000000007,7.743443662300706,1.09157521603629,0.24717748165130615,18.376465378081164,-31.967697531249257,7.818968949823588,0.038325235247612,0.4000000059604645,0.10055422223375612,0.0022667646408081055,0.07980421185493469,0.09257929027080536,0.061104223132133484,0.036107808351516724,-35.0,1,rewired,left
0.05,0.0,0.0,0.0,25.0,35.0,5.739170477266787,-0.22919654846191406,0.4000000059604645,0.04393693362340741,3.784894943237305e-05,0.07639884948730469,0.0,0.018953677266836166,0.018347371369600296,35.0,2,rewired,right
0.1,0.22140386141836643,-0.018803452607244253,0.05536472797393799,24.808102327426948,38.42988786008482,5.783715399934982,-0.3835844546556473,0.4885389506816864,0.04500360006675286,7.30752944946289e-05,0.12786148488521576,0.0,0.018765680491924286,0.03476101532578468,35.0,2,rewired,right
0.15000000000000002,0.27732386626303196,-0.03235073806717992,0.10292208194732666,24.75462892966451,41.203833370861105,5.796251768223229,-0.10278267413377762,0.4583611786365509,0.045305419576080606,0.00010061264038085938,0.03426089137792587,0.0,0.01567709818482399,0.02760166861116886,35.0,2,rewired,right
0.2,0.41948297061026096,-0.052579731214791536,0.10648012161254883,24.627013404025508,41.56043938595644,5.82639124494692,-0.1606852523982525,0.459301620721817,0.046033924024510856,0.0001354813575744629,0.053561750799417496,0.0,0.021295376121997833,0.03561721369624138,35.0,2,rewired,right
0.25,0.7477942649275064,-0.05556705268099904,0.16732776165008545,24.358588348179982,45.489035879366895,5.890822441471136,-0.11210983246564865,0.4256744980812073,0.047604711406129846,0.00015795230865478516,0.03736994415521622,0.0,0.016926292330026627,0.03643111139535904,35.0,2,rewired,right
0.3,1.1399171892553568,-0.05149676697328687,0.20090019702911377,24.044477988016858,47.96838668800646,5.968056211696485,-0.20379050821065903,0.46129658818244934,0.04951103284416572,0.00019508600234985352,0.06793016940355301,0.0,0.025815576314926147,0.04066425561904907,35.0,2,rewired,right
0.35,1.4140749517828226,0.02834822190925479,0.28500640392303467,23.872500619319023,53.332457835161165,6.011207928940637,-0.034139055758714676,0.4119400680065155,0.0505869026342179,0.00022804737091064453,0.011379685252904892,0.0,0.022700728848576546,0.01378581952303648,35.0,2,rewired,right
0.39999999999999997,1.730306202545762,0.10993543593212962,0.3234766721725464,23.670438757659525,56.15506181465207,6.062713946615863,0.14001820608973503,0.4000000059604645,0.05188088584955924,0.0002727508544921875,0.0,0.04667273536324501,0.02792988158762455,0.03420671448111534,35.0,2,rewired,right
0.44999999999999996,1.9729154650121927,0.20728240488097072,0.2884742021560669,23.538778425488594,54.6977434288969,6.096752959945764,0.14001820608973503,0.4000000059604645,0.05274178237160977,0.00031816959381103516,0.0,0.04667273536324501,0.02792987786233425,0.034206755459308624,35.0,2,rewired,right
0.49999999999999994,2.304784709587693,0.32461155531927943,0.274189829826355,23.352268130720784,54.6088505492844,6.145633462066569,0.14001820608973503,0.4000000059604645,0.05398583852544402,0.00036472082138061523,0.0,0.04667273536324501,0.027929875999689102,0.034206781536340714,35.0,2,rewired,right
0.5499999999999999,2.5399212185293436,0.3187169539742172,0.13974785804748535,23.16601226153912,47.259736230578994,6.195237341929331,-0.20379050821065903,0.46129661798477173,0.055257481682047124,0.00040608644485473633,0.06793016940355301,0.0,0.025815580040216446,0.04066426679491997,35.0,2,rewired,right
0.6,2.8325728718191385,0.4231858956627548,0.23017072677612305,23.007034475274242,53.10320964681847,6.238215581786335,-0.09528278186917305,0.41210290789604187,0.05636655406514268,0.00045543909072875977,0.03176092728972435,0.0,0.03285437449812889,0.028143899515271187,35.0,2,rewired,right
0.65,3.1486346069723368,0.39341799495741725,0.22221040725708008,22.746228663960093,53.10045321901953,6.310031208611813,-0.09528237953782082,0.41210290789604187,0.058234426238558755,0.000506281852722168,0.031760793179273605,0.0,0.032854363322257996,0.02814386412501335,35.0,2,rewired,right
0.7000000000000001,3.392639810219407,0.5675697433762252,0.25377821922302246,22.674985777965333,55.64379528738948,6.329937719632344,0.14001820608973503,0.4000000059604645,0.0587553408358391,0.0005567669868469238,0.0,0.04667273536324501,0.027929866686463356,0.03420693427324295,35.0,2,rewired,right
0.7500000000000001,3.6670901123434305,0.6079664933495224,0.2918703556060791,22.495726655900498,58.36339720914788,6.380587083510147,0.0,0.4000000059604645,0.06008675574728426,0.0006007552146911621,0.0,0.0,0.01729162596166134,0.03447948023676872,35.0,2,rewired,right
0.8000000000000002,3.9163057152181864,0.6739193904213607,0.22319388389587402,22.35433605104482,54.97928884762442,6.421113401803251,0.14001820608973503,0.4000000059604645,0.06115815859434863,0.0006535053253173828,0.0,0.04667273536324501,0.027929862961173058,0.034206971526145935,35.0,2,rewired,right
0.8500000000000002,4.193125421181321,0.8244377481751144,0.25179553031921387,22.252315354630184,57.38390592337922,6.45067715586061,0.14001820608973503,0.4000000059604645,0.06194307757206267,0.0007066130638122559,0.0,0.04667273536324501,0.02792986109852791,0.03420700877904892,35.0,2,rewired,right
0.9000000000000002,4.5436088386923075,0.7488042819313705,0.15364062786102295,21.94503566358904,52.23910294345791,6.541392832177946,-0.09528074786067009,0.41210290789604187,0.0643685925633403,0.0007628202438354492,0.03176024928689003,0.0,0.03285428136587143,0.028143728151917458,35.0,2,rewired,right
0.9500000000000003,4.762815171852708,0.8445260035805404,0.1331251859664917,21.85278366888853,51.641063809090326,6.5691288431901915,-0.09528033435344696,0.41210290789604187,0.06511515516606556,0.0008197426795959473,0.03176011145114899,0.0,0.03285426273941994,0.028143692761659622,35.0,2,rewired,right
1.0000000000000002,5.020720178261399,0.8634442198090255,0.21225619316101074,21.68130692710037,56.68445720050022,6.6213154689083575,0.14001820608973503,0.4000000059604645,0.06652593775836592,0.0008767843246459961,0.0,0.04667273536324501,0.02792985364794731,0.03420712798833847,35.0,2,rewired,right
1.0500000000000003,5.288725549355149,0.8899774658493698,0.1337757110595703,21.50982718942595,52.73883022366928,6.674340745029634,-0.09527946263551712,0.41210290789604187,0.06796731176797677,0.000935971736907959,0.03175982087850571,0.0,0.032854218035936356,0.028143618255853653,35.0,2,rewired,right
1.1000000000000003,5.567454511299729,1.0353861558251083,0.20241153240203857,21.418044777277817,57.474020633492415,6.703073114714188,0.14001820608973503,0.4000000059604645,0.06875157750580446,0.0009949207305908203,0.0,0.04667273536324501,0.027929848060011864,0.034207217395305634,35.0,2,rewired,right
1.1500000000000004,5.907280141487718,0.9587644445709884,0.14013540744781494,21.127313894498588,54.422754360119995,6.795745433752555,0.14001820608973503,0.4000000059604645,0.07129605827060462,0.0010561943054199219,0.0,0.04667273536324501,0.027929844334721565,0.034207262098789215,35.0,2,rewired,right
1.2000000000000004,6.086265737190843,1.0331949698738754,0.08819448947906494,21.0585395001169,51.93905668861029,6.818044617094798,-0.09527809917926788,0.41210290789604187,0.07191161830624239,0.0011187195777893066,0.031759366393089294,0.0,0.03285415470600128,0.0281435064971447,35.0,2,rewired,right
1.2500000000000004,6.382291013374925,1.0150788533501327,0.11822223663330078,20.843990805055835,54.219499142646356,6.888561585065842,0.14001820608973503,0.4000000059604645,0.07386627976480084,0.001181960105895996,0.0,0.04667273536324501,0.027929838746786118,0.03420735150575638,35.0,2,rewired,right
1.3000000000000005,6.645972425118089,1.0158766019158065,0.0364300012588501,20.667172130809924,50.07314040783399,6.947786227282165,-0.09527711570262909,0.41210290789604187,0.07551707296146176,0.001247704029083252,0.03175903856754303,0.0,0.032854098826646805,0.028143424540758133,35.0,2,rewired,right
1.3500000000000005,6.933441812172532,1.1296885716728866,0.09647178649902344,20.561366617228714,54.320745411062745,6.983716077623999,0.14001820608973503,0.4000000059604645,0.07652247219120169,0.0013132095336914062,0.0,0.04667273536324501,0.02792983129620552,0.03420744091272354,35.0,2,rewired,right
1.4000000000000006,7.273318940773606,1.0196852195076644,0.031697750091552734,20.255532407871268,51.12778043688451,7.08969919010259,-0.0952761322259903,0.41210290789604187,0.07950450828168928,0.0013821721076965332,0.031758710741996765,0.0,0.03285405412316322,0.028143342584371567,35.0,2,rewired,right
1.4500000000000006,7.510436708107591,1.1100657689385116,0.03548932075500488,20.17089003498705,52.023130334575086,7.1196031825843855,-0.09527560696005821,0.41210290789604187,0.0803501552705176,0.0014518499374389648,0.03175853565335274,0.0,0.03285403177142143,0.028143297880887985,35.0,2,rewired,right
1.5000000000000007,7.764099771156907,1.1016158568672836,0.11085903644561768,20.00222331748957,56.88247550655862,7.179953410525581,0.14001820608973503,0.4000000059604645,0.08206218916695317,0.001522064208984375,0.0,0.04667273536324501,0.027929821982979774,0.03421097993850708,35.0,2,rewired,right
0.05,0.0,0.0,0.0,25.0,-35.0,5.739170477266787,-0.2852526605129242,0.4000000059604645,0.04393693362340741,4.678964614868164e-05,0.14563976228237152,0.05055553838610649,0.053264323621988297,0.025942837819457054,-35.0,2,rewired,left
0.1,0.23455988802015781,-0.02055294392630458,0.057547688484191895,24.82011008018025,-32.05220058873732,5.780907752815633,-0.1030285656452179,0.4000000059604645,0.04493610172306279,8.565187454223633e-05,0.17801274359226227,0.14366988837718964,0.0448521226644516,0.024344144389033318,-35.0,2,rewired,left
0.15000000000000002,0.30700727738440037,-0.08562205405905843,0.07987141609191895,24.79884760008959,-30.992608401017435,5.785881200817156,0.15543396770954132,0.4000000059604645,0.04505569219807501,0.0001372694969177246,0.10574668645858765,0.15755800902843475,0.05610441043972969,0.03461849316954613,-35.0,2,rewired,left
0.2,0.5913476888090372,-0.09868177445605397,0.012455463409423828,24.57578734851154,-35.2656296618882,5.838578010105471,-0.2852533757686615,0.4000000059604645,0.0463296368200734,0.00018644332885742188,0.14563976228237152,0.050555307418107986,0.05326427146792412,0.025942791253328323,-35.0,2,rewired,left
0.25,0.8623350206762552,-0.15649901749566197,0.07985317707061768,24.391333426348275,-31.887907019561226,5.882886154185433,-0.10302883386611938,0.4000000059604645,0.047410257141849974,0.00022739171981811523,0.17801274359226227,0.14366979897022247,0.04485209658741951,0.02434411086142063,-35.0,2,rewired,left
0.3,1.1591350380331278,-0.21455632569268346,0.0845024585723877,24.188167753822697,-32.14995613251685,5.932475358770229,-0.10302892327308655,0.4000000059604645,0.048629692918985945,0.00026929378509521484,0.17801274359226227,0.14366976916790009,0.04485208913683891,0.024344099685549736,-35.0,2,rewired,left
0.35,1.4426268879324198,-0.044174027163535357,0.16711580753326416,23.859242329056528,-27.499379744526124,6.014560604505213,0.21680670976638794,0.4000000059604645,0.050670809123375515,0.0003185868263244629,0.07574695348739624,0.1480158567428589,0.04850039631128311,0.033577222377061844,-35.0,2,rewired,left
0.39999999999999997,1.7097554747015238,-0.0756138158030808,0.14706552028656006,23.665798354713736,-29.098792578654383,6.063907185024212,0.15543213486671448,0.4000000059604645,0.05191098810606851,0.00037807226181030273,0.10574668645858765,0.1575573980808258,0.05610436201095581,0.03461844101548195,-35.0,2,rewired,left
0.44999999999999996,1.9075972381979227,-0.012203692458570004,0.043988823890686035,23.470373980985737,-35.17606647384591,6.114589623331711,-0.28525350987911224,0.4000000059604645,0.05319468744787568,0.0004343986511230469,0.14563976228237152,0.050555262714624405,0.05326418951153755,0.0259427260607481,-35.0,2,rewired,left
0.49999999999999994,2.1513213459402323,-0.00797325890744105,0.13277089595794678,23.275393591847013,-30.44785451086952,6.166010003850619,0.15543128550052643,0.4000000059604645,0.054507106082326895,0.0004968643188476562,0.10574668645858765,0.15755711495876312,0.05610434338450432,0.034618403762578964,-35.0,2,rewired,left
0.5499999999999999,2.4482325855642557,-0.061636019963771105,0.07290899753570557,23.07577851033558,-34.43704600305787,6.219558137104625,-0.2852548062801361,0.4000000059604645,0.055884271116404156,0.0005559325218200684,0.14563976228237152,0.050554823130369186,0.05326413735747337,0.025942694395780563,-35.0,2,rewired,left
0.6,2.765513116493821,0.10235456703230739,0.15233993530273438,22.725631888256984,-30.062147355241876,6.315773404392511,0.1554301232099533,0.4000000059604645,0.05838454958612045,0.0006226301193237305,0.10574668645858765,0.15755672752857208,0.05610432103276253,0.03461837023496628,-35.0,2,rewired,left
0.65,2.977213317528367,0.06745677022263408,0.16119694709777832,22.583052275842295,-29.96017764335585,6.355812308818522,0.15542936325073242,0.4000000059604645,0.059434433353527806,0.0006906390190124512,0.10574668645858765,0.1575564742088318,0.05610431358218193,0.03461833298206329,-35.0,2,rewired,left
0.7000000000000001,3.188958341255784,0.11065427539870143,0.07742369174957275,22.39187750510916,-35.01678074653569,6.4103028006284575,-0.2852557450532913,0.4000000059604645,0.060871835156976625,0.0007547736167907715,0.14563976228237152,0.05055451765656471,0.053264062851667404,0.025942640379071236,-35.0,2,rewired,left
0.7500000000000001,3.4273444954305887,0.14919577119871974,0.16415560245513916,22.183651147514738,-30.36179009336567,6.470728879235373,0.15542829036712646,0.4000000059604645,0.06247702477395072,0.0008260607719421387,0.10574668645858765,0.15755611658096313,0.05610429495573044,0.03461829572916031,-35.0,2,rewired,left
0.8000000000000002,3.7390085998922586,0.10709471581503749,0.10229754447937012,21.97224334029117,-34.51025827266827,6.533257478173176,-0.28525713086128235,0.4000000059604645,0.06415004942015877,0.0008937716484069824,0.14563976228237152,0.050554048269987106,0.053264014422893524,0.0259426087141037,-35.0,2,rewired,left
0.8500000000000002,4.054095441475511,0.2770475256256759,0.18506157398223877,21.62223439254759,-29.965945798725954,6.639486379626537,0.15542717278003693,0.4000000059604645,0.0670189878450982,0.000970005989074707,0.10574668645858765,0.1575557440519333,0.05610426887869835,0.03461826220154762,-35.0,2,rewired,left
0.9000000000000002,4.260730439797044,0.24630929110571742,0.19394922256469727,21.48584020650962,-29.87736036861989,6.681825983565145,0.15542632341384888,0.4000000059604645,0.06817140893805906,0.0010476112365722656,0.10574668645858765,0.1575554609298706,0.05610426142811775,0.03461822122335434,-35.0,2,rewired,left
0.9500000000000003,4.490138227120042,0.2982772099785507,0.11149477958679199,21.278880991282158,-34.90119995385402,6.7471142787397484,-0.28525829315185547,0.4000000059604645,0.06995800651270818,0.0011213421821594238,0.14563976228237152,0.05055366829037666,0.05326392874121666,0.025942549109458923,-35.0,2,rewired,left
1.0000000000000002,4.750282937660813,0.35299022076651454,0.19323515892028809,21.047713592509,-30.57320234220444,6.821568143655139,0.15542498230934143,0.4000000059604645,0.07200899774714846,0.0012031793594360352,0.10574668645858765,0.1575550138950348,0.056104231625795364,0.03461817651987076,-35.0,2,rewired,left
1.0500000000000003,5.053240949288011,0.3014997052960098,0.13012921810150146,20.856913893069606,-34.847662988629224,6.884272719159849,-0.28525999188423157,0.4000000059604645,0.07374705353458766,0.0012804865837097168,0.14563976228237152,0.050553098320961,0.05326298996806145,0.02594250999391079,-35.0,2,rewired,left
1.1000000000000003,5.363167459145188,0.47705043433234096,0.2120450735092163,20.509690843754285,-30.37426261726978,7.001400093884478,0.15542368590831757,0.4000000059604645,0.07701836681792712,0.0013679862022399902,0.10574668645858765,0.15755458176136017,0.056104205548763275,0.034618131816387177,-35.0,2,rewired,left
1.1500000000000004,5.584038430824876,0.45922110555693507,0.22384905815124512,20.359607662223425,-30.155044688445884,7.053273043888448,0.15542270243167877,0.4000000059604645,0.07847690056793348,0.001456916332244873,0.10574668645858765,0.1575542539358139,0.05610420182347298,0.03461809083819389,-35.0,2,rewired,left
1.2000000000000004,5.803141290321946,0.5262945997528732,0.1454681158065796,20.15383767990756,-34.931098818968906,7.12565838439209,-0.28503039479255676,0.4000000059604645,0.08052160785729656,0.0015413165092468262,0.14563976228237152,0.0506296269595623,0.05326076224446297,0.025932468473911285,-35.0,2,rewired,left
1.2500000000000004,6.04380195774138,0.5828867661766708,0.2275599241256714,19.94018949086265,-30.583126471898566,7.202408424946714,0.15542127192020416,0.4000000059604645,0.08270099162812349,0.001634836196899414,0.10574668645858765,0.1575537770986557,0.05610416457056999,0.034618038684129715,-35.0,2,rewired,left
1.3000000000000005,6.349262887611985,0.5534592973999679,0.16881000995635986,19.740727244220377,-34.62273237906035,7.275573951327534,-0.28503262996673584,0.4000000059604645,0.08478887756916784,0.0017234086990356445,0.14563976228237152,0.050628889352083206,0.05326070636510849,0.025932487100362778,-35.0,2,rewired,left
1.3500000000000005,6.646722489967942,0.7473290669731796,0.2518339157104492,19.39255237631819,-30.069580320850008,7.406925968286424,0.1554197520017624,0.4000000059604645,0.08856052636164215,0.0018234848976135254,0.10574668645858765,0.1575532704591751,0.056104134768247604,0.034617986530065536,-35.0,2,rewired,left
1.4000000000000006,6.855477983132005,0.7314167725853622,0.2637275457382202,19.255452146185615,-29.85727188826459,7.459962786477706,0.15541845560073853,0.4000000059604645,0.09009131442679565,0.001925349235534668,0.10574668645858765,0.1575528383255005,0.05610412359237671,0.034617941826581955,-35.0,2,rewired,left
1.4500000000000006,7.074934655800462,0.8036490785889328,0.18023371696472168,19.049422147959554,-34.95388437244776,7.5411129837030195,-0.28503457456827164,0.4000000059604645,0.09244163852101024,0.0020215511322021484,0.14563976228237152,0.050628237426280975,0.05326061695814133,0.02593250572681427,-35.0,2,rewired,left
1.5000000000000007,7.326761418953538,0.87648333190009,0.2626546621322632,18.820907706645613,-30.62023463013705,7.633215796802861,0.15541693568229675,0.4000000059604645,0.0951202438184511,0.0021287202835083008,0.10574668645858765,0.1575523316860199,0.05610409379005432,0.034617889672517776,-35.0,2,rewired,left
